INSERT INTO nhan_vien (Ma_so_nhan_vien, CCCD, Ho, Ten, Gioi_tinh, Dia_chi, Email, Ngay_ky_hop_dong, Luong, Ngay_sinh, SĐT)
VALUES 
('BS10001', '123456789012', N'Nguyễn', N'Thành', N'Nam', N'Hà Nội', 'nguyenthanh@example.com', '2018-06-15', 22000000, '1980-03-25', '0898502456'),
('BS10002', '234567890123', N'Trần', N'Trân', N'Nữ', N'Hồ Chí Minh', 'trantran@example.com', '2019-02-20', 16000000, '1985-08-10', '0912345678'),
('BS10003', '345678901234', N'Lê', N'Thị Hồng', N'Nữ', N'Hải Phòng', 'lethihong@example.com', '2020-04-10', 14000000, '1990-12-03', '0905123456'),
('BS10004', '456789012345', N'Phạm', N'Trung', N'Nam', N'Đà Nẵng', 'phamtrung@example.com', '2021-08-05', 18000000, '1988-05-20', '0987654321'),
('BS10005', '567890123456', N'Huỳnh', N'Thị Ngọc', N'Nữ', N'Cần Thơ', 'huynhngoc@example.com', '2019-10-15', 16000000, '1987-02-15', '0978123456'),
('BS10006', '678901234567', N'Võ', N'Thành Tài', N'Nam', N'An Giang', 'votai@example.com', '2018-11-20', 17500000, '1983-09-08', '0887654321'),
('BS10007', '789012345678', N'Dương', N'Thị Lan', N'Nữ', N'Bắc Ninh', 'duonglan@example.com', '2020-07-30', 15000000, '1991-04-12', '0934123456'),
('BS10008', '890123456789', N'Hoàng', N'Thị Hải', N'Nữ', N'Quảng Ninh', 'hoanghai@example.com', '2021-05-25', 15000000, '1993-11-28', '0923654789'),
('BS10009', '789012345678', N'Nguyễn', N'Thị An', N'Nữ', N'Hồ Chí Minh', 'nguyenthian@example.com', '2023-03-15', 18000000, '1989-06-10', '0918765432'),
('BS10010', '890123456789', N'Lê', N'Văn Hùng', N'Nam', N'Hà Nội', 'levanhung@example.com', '2022-06-20', 16000000, '1991-09-25', '0987456321'),
('BS10011', '901234567890', N'Trần', N'Thị Lan', N'Nữ', N'Đà Nẵng', 'tranlan@example.com', '2023-08-10', 18500000, '1987-12-03', '0932145678'),
('BS10012', '012345678901', N'Hoàng', N'Văn Bình', N'Nam', N'Hải Phòng', 'hoangbinh@example.com', '2022-09-05', 17000000, '1994-03-20', '0978345123'),
('BS10013', '123456789012', N'Phạm', N'Thị Thanh', N'Nữ', N'Cần Thơ', 'phamthanh@example.com', '2023-10-15', 18000000, '1985-08-15', '0921876543'),
('BS10014', '234567890123', N'Lý', N'Trường Sơn', N'Nam', N'Thừa Thiên Huế', 'lytruongson@example.com', '2022-11-20', 16500000, '1990-11-28', '0945123789'),
('BS10015', '345678901234', N'Đặng', N'Thị Mỹ', N'Nữ', N'Quảng Ninh', 'dangmy@example.com', '2023-12-25', 19000000, '1983-05-18', '0963214785'),
('BS10016', '347653390124', N'Đặng', N'Văn Thuận', N'Nam', N'Xuân Lộc', 'vthuan@example.com', '2023-12-25', 18000000, '1993-06-28', '0785414785'),
('DD10001', '901234567890', N'Trần', N'Thị Bích', N'Nữ', N'Hà Nam', 'tranthibich@example.com', '2017-03-12', 12000000, '1981-07-17', '0843123456'),
('DD10002', '012345678901', N'Lý', N'Thị Minh', N'Nữ', N'Bắc Giang', 'lyminh@example.com', '2018-09-25', 12500000, '1984-10-22', '0856123456'),
('DD10003', '123456789012', N'Hồ', N'Thị Mai', N'Nữ', N'Thái Nguyên', 'homai@example.com', '2019-11-08', 13000000, '1989-03-30', '0887123456'),
('DD10004', '234567890123', N'Ngô', N'Thành Đạt', N'Nam', N'Hải Dương', 'ngthanhdat@example.com', '2020-06-20', 13500000, '1992-09-05', '0869123456'),
('DD10005', '345678901234', N'Đặng', N'Thị Kim', N'Nữ', N'Thừa Thiên Huế', 'dangkim@example.com', '2021-01-10', 14000000, '1995-05-18', '0843123456'),
('DD10006', '456789012345', N'Hoàng', N'Thị Ánh', N'Nữ', N'Bình Định', 'hoanganh@example.com', '2018-12-15', 12500000, '1986-08-08', '0856123456'),
('DD10007', '567890123456', N'Mai', N'Thị Thảo', N'Nữ', N'Bình Phước', 'maithao@example.com', '2020-09-30', 13000000, '1990-02-14', '0887123456'),
('DD10008', '678901234567', N'Lê', N'Thị Hạnh', N'Nữ', N'Kiên Giang', 'lehanh@example.com', '2021-07-05', 13500000, '1994-11-20', '0869123456');


--Table bac_si
INSERT INTO bac_si (Ma_so_nhan_vien, Chuc_vu, Chuyen_khoa, Chuc_danh, Ma_so_quan_ly)
VALUES 
('BS10001', N'Bác sĩ chuyên khoa', N'Chấn thương chỉnh hình', N'Bác sĩ hạng 1', NULL),
('BS10002', N'Bác sĩ chuyên khoa', N'Chấn thương chỉnh hình', N'Bác sĩ hạng 1', 'BS10001'),
('BS10003', N'Bác sĩ chuyên khoa', N'Chấn thương chỉnh hình', N'Bác sĩ hạng 2', 'BS10001'),
('BS10004', N'Bác sĩ chuyên khoa', N'Tim mạch', N'Bác sĩ hạng 1', NULL),
('BS10005', N'Bác sĩ chuyên khoa', N'Tim mạch', N'Bác sĩ hạng 2', 'BS10004'),
('BS10006', N'Bác sĩ chuyên khoa', N'Đa khoa', N'Bác sĩ hạng 1', NULL),
('BS10007', N'Bác sĩ chuyên khoa', N'Đa khoa', N'Bác sĩ hạng 2', 'BS10006'),
('BS10008', N'Bác sĩ chuyên khoa', N'Đa khoa', N'Bác sĩ hạng 2', 'BS10006'),
('BS10009', N'Bác sĩ chuyên khoa', N'Da liệu - Thẩm mỹ', N'Bác sĩ hạng 1', NULL),
('BS10010', N'Bác sĩ chuyên khoa', N'Da liệu - Thẩm mỹ', N'Bác sĩ hạng 2', 'BS10009'),
('BS10011', N'Bác sĩ chuyên khoa', N'Cơ Xương Khớp', N'Bác sĩ hạng 1', NULL),
('BS10012', N'Bác sĩ chuyên khoa', N'Cơ Xương Khớp', N'Bác sĩ hạng 2', 'BS10011'),
('BS10013', N'Bác sĩ chuyên khoa', N'Nhi', N'Bác sĩ hạng 1', NULL),
('BS10014', N'Bác sĩ chuyên khoa', N'Nhi', N'Bác sĩ hạng 2', 'BS10013'),
('BS10015', N'Bác sĩ chuyên khoa', N'Tai - Mũi - Họng',N'Bác sĩ hạng 1', NULL),
('BS10016', N'Bác sĩ chuyên khoa', N'Tai - Mũi - Họng',N'Bác sĩ hạng 1', 'BS10015');

SELECT * FROM bac_si

-- Table bang_cap_bac_si
INSERT INTO bang_cap_bac_si (Ma_so_nhan_vien, Bang_cap)
VALUES 
('BS10001', N'Chuyên khoa 2'),
('BS10001', N'Chuyên khoa 1'),
('BS10002', N'Chuyên khoa 2'),
('BS10003', N'Chuyên khoa 1'),
('BS10004', N'Chuyên khoa 2'),
('BS10005', N'Chuyên khoa 1'),
('BS10006', N'Chuyên khoa 1'),
('BS10007', N'Chuyên khoa 2'),
('BS10008', N'Chuyên khoa 2'),
('BS10009', N'Chuyên khoa 2'),
('BS10010', N'Chuyên khoa 1'),
('BS10011', N'Chuyên khoa 2'),
('BS10012', N'Chuyên khoa 1'),
('BS10013', N'Chuyên khoa 2'),
('BS10014', N'Chuyên khoa 1'),
('BS10015', N'Chuyên khoa 2'),
('BS10016', N'Chuyên khoa 1');

-- Bảng Điều dưỡng 
INSERT INTO dieu_duong(Ma_so_nhan_vien, Trinh_do, Hang_chuc_nghe_nghiep)
VALUES
('DD10001', N'Đại học trở lên', N'Điều dưỡng viên hạng II'),
('DD10002', N'Đại học trở lên', N'Điều dưỡng viên hạng II'),
('DD10003', N'Đại học trở lên', N'Điều dưỡng viên hạng II'),
('DD10004', N'Cao đẳng trở lên', N'Điều dưỡng viên hạng III'),
('DD10005', N'Cao đẳng trở lên', N'Điều dưỡng viên hạng III'),
('DD10006', N'Cao đẳng trở lên', N'Điều dưỡng viên hạng III'),
('DD10007', N'Trung cấp trở lên', N'Điều dưỡng viên hạng IV'),
('DD10008', N'Trung cấp trở lên', N'Điều dưỡng viên hạng IV');


-- Bảng benh_nhan
INSERT INTO benh_nhan (Ma_benh_nhan, CCCD, Ho, Ten, Dia_chi, Email, Gioi_tinh, Ngay_sinh)
VALUES 
('BN10001', '123456789012', N'Nguyễn', N'Thị Hồng Thơ', N'Tiền Giang', 'nguyenthitho@example.com', N'Nữ', '1982-03-25'),
('BN10002', '234567890123', N'Võ', N'Thị Ngọc Yến', N'Bình Phước', 'vothiyen@example.com', N'Nữ', '1975-10-15'),
('BN10003', '345678901234', N'Đặng', N'Thị Trang', N'Long An', 'dangthitrang@example.com', N'Nữ', '1990-05-08'),
('BN10004', '456789012345', N'Lê', N'Thị Tuyết', N'Cần Thơ', 'lethituyet@example.com', N'Nữ', '1988-11-20'),
('BN10005', '567890123456', N'Phạm', N'Văn Đức', N'Kiên Giang', 'phamvanduc@example.com', N'Nam', '1973-09-05'),
('BN10006', '678901234567', N'Hoàng', N'Văn Tuấn', N'Vĩnh Long', 'hoangvantuan@example.com', N'Nam', '1980-03-30'),
('BN10007', '789012345678', N'Trần', N'Thị Ngọc Lan', N'Hồ Chí Minh', 'tranthingoclan@example.com', N'Nữ', '1992-05-15'),
('BN10008', '890123456789', N'Võ', N'Thị Thanh Tâm', N'Cần Thơ', 'vothithanhtam@example.com', N'Nữ', '1985-12-28'),
('BN10009', '901234567890', N'Lương', N'Văn Đức', N'Tiền Giang', 'luongvanduc@example.com', N'Nam', '1976-09-03'),
('BN10010', '012345678910', N'Phạm', N'Thị Mai', N'Hà Nội', 'phamthimai@example.com', N'Nữ', '1980-07-20'),
('BN10011', '123456789101', N'Lê', N'Văn Hùng', N'Hồ Chí Minh', 'levanhung@example.com', N'Nam', '1995-03-10'),
('BN10012', '234567891012', N'Nguyễn', N'Thị Hương', N'Cần Thơ', 'nguyenthihuong@example.com', N'Nữ', '1974-11-18'),
('BN10013', '345678910111', N'Nguyễn', N'Thị Lan', N'Hải Phòng', 'nguyenthilan@example.com', N'Nữ', '1988-09-05'),
('BN10014', '456789101112', N'Trần', N'Đức Thành', N'Quảng Ngãi', 'tranducthanh@example.com', N'Nam', '1976-02-15'),
('BN10015', '567891011121', N'Hoàng', N'Thi Thu', N'Huế', 'hoangthithu@example.com', N'Nữ', '1992-07-30'),
('BN10016', '678910111213', N'Trần', N'Thị Hà', N'Nghệ An', 'tranthiha@example.com', N'Nữ', '1985-03-20'),
('BN10017', '789101112131', N'Lê', N'Văn Đạt', N'Hải Dương', 'levandat@example.com', N'Nam', '1990-11-10'),
('BN10018', '891011121314', N'Nguyễn', N'Thị Thúy', N'Bình Thuận', 'nguyenthithuy@example.com', N'Nữ', '1972-08-07'),
('BN10019', '910111213141', N'Phạm', N'Thị Hương', N'Quảng Bình', 'phamthihuong@example.com', N'Nữ', '1978-12-03'),
('BN10020', '101112131415', N'Đỗ', N'Văn Bình', N'Đồng Nai', 'dovanbinh@example.com', N'Nam', '1982-06-17'),
('BN10021', '111213141516', N'Trần', N'Thị Mai', N'Bắc Ninh', 'tranthimai@example.com', N'Nữ', '1995-04-25'),
('BN10022', '121314151617', N'Nguyễn', N'Trọng Tâm', N'Phú Yên', 'nguyentrongtam@example.com', N'Nam', '1990-08-29'),
('BN10023', '131415161718', N'Lê', N'Thị Lan', N'Hải Dương', 'lethilan@example.com', N'Nữ', '1985-03-12'),
('BN10024', '141516171819', N'Trần', N'Văn Hòa', N'Long An', 'tranvanhoa@example.com', N'Nam', '1976-10-05'),
('BN10025', '151617181920', N'Phạm', N'Văn Bảo', N'Tiền Giang', 'phamvanbao@example.com', N'Nam', '1988-07-18'),
('BN10026', '161718192021', N'Hồ', N'Thị Ngọc', N'Vũng Tàu', 'hothinhngoc@example.com', N'Nữ', '1992-05-25'),
('BN10027', '171819202122', N'Đoàn', N'Đình Quân', N'Đà Nẵng', 'doandinhquan@example.com', N'Nam', '1983-12-09'),
('BN10028', '181920212223', N'Lý', N'Thị Hiền', N'Thừa Thiên Huế', 'lythihien@example.com', N'Nữ', '1979-09-14'),
('BN10029', '192021222324', N'Bùi', N'Văn Nam', N'Quảng Nam', 'buivannam@example.com', N'Nam', '1972-02-28'),
('BN10030', '202122232425', N'Hoàng', N'Thị Phương', N'Bình Phước', 'hoangthiphuong@example.com', N'Nữ', '1986-11-30'),
('BN10031', '212223242526', N'Nguyễn', N'Thị Lan', N'Đồng Tháp', 'nguyenthilan2@example.com', N'Nữ', '1991-08-15'),
('BN10032', '222324252627', N'Trần', N'Văn Minh', N'Quảng Trị', 'tranvanminh@example.com', N'Nam', '1984-05-20'),
('BN10033', '232425262728', N'Phạm', N'Thị Ngọc Anh', N'Bình Định', 'phamngocanh@example.com', N'Nữ', '1977-12-10'),
('BN10034', '242526272829', N'Lê', N'Văn Tú', N'Hà Tĩnh', 'levantu@example.com', N'Nam', '1993-03-25'),
('BN10035', '252627282930', N'Trần', N'Thị Hạnh', N'Tây Ninh', 'tranthihanh@example.com', N'Nữ', '1982-09-08'),
('BN10036', '262728293031', N'Nguyễn', N'Thị Thu', N'An Giang', 'nguyenthithu@example.com', N'Nữ', '1975-06-12'),
('BN10037', '272829303132', N'Hoàng', N'Văn Đạt', N'Bình Dương', 'hoangdat@example.com', N'Nam', '1990-01-30'),
('BN10038', '282930313233', N'Lê', N'Thị Hương', N'Lâm Đồng', 'lethihuong2@example.com', N'Nữ', '1978-04-22'),
('BN10039', '293031323334', N'Võ', N'Thị Lan', N'Bình Phước', 'vothilan@example.com', N'Nữ', '1986-11-18'),
('BN10040', '303132333435', N'Đặng', N'Văn Dũng', N'Bà Rịa - Vũng Tàu', 'dangvandung@example.com', N'Nam', '1973-10-05'),
('BN10041', '313233343536', N'Phan', N'Thị Thủy', N'Kon Tum', 'phanthithuy@example.com', N'Nữ', '1992-07-15'),
('BN10042', '323334353637', N'Lê', N'Văn Hải', N'Nam Định', 'levanhai@example.com', N'Nam', '1976-02-28'),
('BN10043', '333435363738', N'Nguyễn', N'Thị Bình', N'Phú Thọ', 'nguyenthibinh@example.com', N'Nữ', '1988-09-03'),
('BN10044', '343536373839', N'Trần', N'Văn Hoàng', N'Bạc Liêu', 'tranvanhoang@example.com', N'Nam', '1980-12-10'),
('BN10045', '353637383940', N'Hoàng', N'Thị Hồng', N'Gia Lai', 'hoangthihong@example.com', N'Nữ', '1995-04-25'),
('BN10046', '363738394041', N'Võ', N'Thành Long', N'Đắk Nông', 'vothanhlong@example.com', N'Nam', '1987-11-18'),
('BN10047', '373839404142', N'Đinh', N'Thị Thu', N'Sóc Trăng', 'dinhthithu@example.com', N'Nữ', '1979-08-05'),
('BN10048', '383940414243', N'Lê', N'Văn Hùng', N'Phú Yên', 'levanhung2@example.com', N'Nam', '1982-03-20'),
('BN10049', '394041424344', N'Nguyễn', N'Thị Hạnh', N'Bình Thuận', 'nguyenthihanh@example.com', N'Nữ', '1990-06-15'),
('BN10050', '404142434445', N'Trần', N'Văn Đức', N'Hậu Giang', 'tranduc@example.com', N'Nam', '1974-01-30'),
('BN10051', '414243444546', N'Phạm', N'Thị Hằng', N'Bến Tre', 'phamthihang@example.com', N'Nữ', '1983-08-12'),
('BN10052', '424344454647', N'Đỗ', N'Văn Tâm', N'Cà Mau', 'dovantam@example.com', N'Nam', '1977-05-25'),
('BN10053', '434445464748', N'Trần', N'Thị Tâm', N'Bắc Giang', 'tranthitam@example.com', N'Nữ', '1994-10-18'),
('BN10054', '444546474849', N'Nguyễn', N'Thị Hà', N'Phú Yên', 'nguyenthitha@example.com', N'Nữ', '1976-03-30'),
('BN10055', '454647484950', N'Lê', N'Văn Hưng', N'Điện Biên', 'levanhung3@example.com', N'Nam', '1989-12-15'),
('BN10056', '464748495051', N'Võ', N'Thị Mai', N'Hà Nam', 'vothimai2@example.com', N'Nữ', '1982-07-20'),
('BN10057', '474849505152', N'Hoàng', N'Văn Long', N'Lạng Sơn', 'hoangvanlong@example.com', N'Nam', '1993-04-10'),
('BN10058', '484950515253', N'Phạm', N'Thị Thùy', N'Lào Cai', 'phamthithuy2@example.com', N'Nữ', '1985-09-25'),
('BN10059', '495051525354', N'Lê', N'Thị Hương', N'Thanh Hóa', 'lethihuong3@example.com', N'Nữ', '1991-02-28'),
('BN10060', '505152535455', N'Nguyễn', N'Văn An', N'Hà Tĩnh', 'nguyenvanan@example.com', N'Nam', '1980-11-05');


-- Table the_byht
INSERT INTO the_bhyt (Ma_bhyt, Noi_song, Noi_dang_ky_kham_chua_benh, Ma_ki_hieu_muc_huong, Ma_benh_nhan, Ngay_dang_ky)
VALUES 
('BHYT10001', N'Tiền Giang', N'Bệnh viện đa khoa Thủ Đức', 'CK', 'BN10001', '2023-04-15'),
('BHYT10002', N'Bình Phước', N'Bệnh viện đa khoa Thủ Đức', 'CB', 'BN10002', '2023-10-20'),
('BHYT10003', N'Long An', N'Bệnh viện đa khoa Thủ Đức', 'HN', 'BN10003', '2022-12-05'),
('BHYT10004', N'Cần Thơ', N'Bệnh viện đa khoa Thủ Đức', 'HT', 'BN10004', '2024-03-10'),
('BHYT10005', N'Kiên Giang', N'Bệnh viện đa khoa Thủ Đức', 'DN', 'BN10005', '2023-08-28'),
('BHYT10006', N'Vĩnh Long', N'Bệnh viện đa khoa Thủ Đức', 'DT', 'BN10006', '2024-02-05'),
('BHYT10007', N'Hồ Chí Minh', N'Bệnh viện đa khoa Thủ Đức', 'KC', 'BN10007', '2023-04-21'),
('BHYT10008', N'Cần Thơ', N'Bệnh viện đa khoa Thủ Đức', 'HN', 'BN10008', '2024-01-08'),
('BHYT10009', N'Tiền Giang', N'Bệnh viện đa khoa Thủ Đức', 'DT', 'BN10009', '2023-11-30'),
('BHYT10010', N'Hà Nội', N'Bệnh viện đa khoa Thủ Đức', 'CK', 'BN10010', '2023-08-15'),
('BHYT10011', N'Hồ Chí Minh', N'Bệnh viện đa khoa Thủ Đức', 'DT', 'BN10011', '2024-05-20'),
('BHYT10012', N'Cần Thơ', N'Bệnh viện đa khoa Thủ Đức', 'CB', 'BN10012', '2022-12-10'),
('BHYT10013', N'Hải Phòng', N'Bệnh viện đa khoa Thủ Đức', 'KC', 'BN10013', '2023-11-25'),
('BHYT10014', N'Quảng Ngãi', N'Bệnh viện đa khoa Thủ Đức', 'HN', 'BN10014', '2024-02-18'),
('BHYT10015', N'Huế', N'Bệnh viện đa khoa Thủ Đức', 'DK', 'BN10015', '2023-06-10'),
('BHYT10016', N'Nghệ An', N'Bệnh viện đa khoa Thủ Đức', 'HC', 'BN10016', '2023-09-15'),
('BHYT10017', N'Hải Dương', N'Bệnh viện đa khoa Thủ Đức', 'CK', 'BN10017', '2024-05-28'),
('BHYT10018', N'Bình Thuận', N'Bệnh viện đa khoa Thủ Đức', 'DN', 'BN10018', '2023-10-02'),
('BHYT10019', N'Quảng Bình', N'Bệnh viện đa khoa Thủ Đức', 'HN', 'BN10019', '2023-11-18'),
('BHYT10020', N'Đồng Nai', N'Bệnh viện đa khoa Thủ Đức', 'DT', 'BN10020', '2023-12-07'),
('BHYT10021', N'Bắc Ninh', N'Bệnh viện đa khoa Thủ Đức', 'CB', 'BN10021', '2023-09-30'),
('BHYT10022', N'Phú Yên', N'Bệnh viện đa khoa Thủ Đức', 'DN', 'BN10022', '2023-10-15'),
('BHYT10023', N'Hải Dương', N'Bệnh viện đa khoa Thủ Đức', 'HB', 'BN10023', '2023-08-20'),
('BHYT10024', N'Long An', N'Bệnh viện đa khoa Thủ Đức', 'XD', 'BN10024', '2023-11-05'),
('BHYT10025', N'Tiền Giang', N'Bệnh viện đa khoa Thủ Đức', 'CT', 'BN10025', '2023-09-10'),
('BHYT10026', N'Vũng Tàu', N'Bệnh viện đa khoa Thủ Đức', 'HN', 'BN10026', '2023-07-22'),
('BHYT10027', N'Đà Nẵng', N'Bệnh viện đa khoa Thủ Đức', 'DN', 'BN10027', '2023-11-08'),
('BHYT10028', N'Thừa Thiên Huế', N'Bệnh viện đa khoa Thủ Đức', 'DN', 'BN10028', '2023-06-15'),
('BHYT10029', N'Quảng Nam', N'Bệnh viện đa khoa Thủ Đức', 'XB', 'BN10029', '2023-10-01'),
('BHYT10030', N'Bình Phước', N'Bệnh viện đa khoa Thủ Đức', 'DT', 'BN10030', '2023-12-30'),
('BHYT10031', N'Đồng Tháp', N'Bệnh viện đa khoa Thủ Đức', 'DT', 'BN10031', '2023-08-15'),
('BHYT10032', N'Quảng Trị', N'Bệnh viện đa khoa Thủ Đức', 'QN', 'BN10032', '2022-05-20'),
('BHYT10033', N'Bình Định', N'Bệnh viện đa khoa Thủ Đức', 'BN', 'BN10033', '2021-12-10'),
('BHYT10034', N'Hà Tĩnh', N'Bệnh viện đa khoa Thủ Đức', 'HT', 'BN10034', '2020-03-25'),
('BHYT10035', N'Tây Ninh', N'Bệnh viện đa khoa Thủ Đức', 'TN', 'BN10035', '2023-09-08'),
('BHYT10036', N'An Giang', N'Bệnh viện đa khoa Thủ Đức', 'AG', 'BN10036', '2022-06-12'),
('BHYT10037', N'Bình Dương', N'Bệnh viện đa khoa Thủ Đức', 'BD', 'BN10037', '2021-01-30'),
('BHYT10038', N'Lâm Đồng', N'Bệnh viện đa khoa Thủ Đức', 'LD', 'BN10038', '2019-12-22'),
('BHYT10039', N'Bình Phước', N'Bệnh viện đa khoa Thủ Đức', 'BP', 'BN10039', '2022-11-18'),
('BHYT10040', N'Bà Rịa - Vũng Tàu', N'Bệnh viện đa khoa Thủ Đức', 'VT', 'BN10040', '2022-10-05'),
('BHYT10041', N'Kon Tum', N'Bệnh viện đa khoa Thủ Đức', 'KT', 'BN10041', '2023-07-15'),
('BHYT10042', N'Nam Định', N'Bệnh viện đa khoa Thủ Đức', 'ND', 'BN10042', '2020-02-28'),
('BHYT10043', N'Phú Thọ', N'Bệnh viện đa khoa Thủ Đức', 'PT', 'BN10043', '2021-09-03'),
('BHYT10044', N'Bạc Liêu', N'Bệnh viện đa khoa Thủ Đức', 'BL', 'BN10044', '2022-12-10'),
('BHYT10045', N'Gia Lai', N'Bệnh viện đa khoa Thủ Đức', 'GL', 'BN10045', '2021-04-25'),
('BHYT10046', N'Đắk Nông', N'Bệnh viện đa khoa Thủ Đức', 'DN', 'BN10046', '2022-11-18'),
('BHYT10047', N'Sóc Trăng', N'Bệnh viện đa khoa Thủ Đức', 'ST', 'BN10047', '2023-08-05'),
('BHYT10048', N'Phú Yên', N'Bệnh viện đa khoa Thủ Đức', 'PY', 'BN10048', '2020-03-20'),
('BHYT10049', N'Bình Thuận', N'Bệnh viện đa khoa Thủ Đức', 'BT', 'BN10049', '2021-06-15'),
('BHYT10050', N'Hậu Giang', N'Bệnh viện đa khoa Thủ Đức', 'HG', 'BN10050', '2024-01-30'),
('BHYT10051', N'Bến Tre', N'Bệnh viện đa khoa Thủ Đức', 'BT', 'BN10051', '2023-08-12'),
('BHYT10052', N'Cà Mau', N'Bệnh viện đa khoa Thủ Đức', 'CM', 'BN10052', '2021-05-25'),
('BHYT10053', N'Bắc Giang', N'Bệnh viện đa khoa Thủ Đức', 'BG', 'BN10053', '2022-10-18'),
('BHYT10054', N'Phú Yên', N'Bệnh viện đa khoa Thủ Đức', 'PY', 'BN10054', '2023-03-30'),
('BHYT10055', N'Điện Biên', N'Bệnh viện đa khoa Thủ Đức', 'DB', 'BN10055', '2020-12-15'),
('BHYT10056', N'Hà Nam', N'Bệnh viện đa khoa Thủ Đức', 'HN', 'BN10056', '2021-07-20'),
('BHYT10057', N'Lạng Sơn', N'Bệnh viện đa khoa Thủ Đức', 'LS', 'BN10057', '2023-04-10'),
('BHYT10058', N'Lào Cai', N'Bệnh viện đa khoa Thủ Đức', 'LC', 'BN10058', '2022-09-25'),
('BHYT10059', N'Thanh Hóa', N'Bệnh viện đa khoa Thủ Đức', 'TH', 'BN10059', '2021-02-28'),
('BHYT10060', N'Hà Tĩnh', N'Bệnh viện đa khoa Thủ Đức', 'HT', 'BN10060', '2022-11-05');


--------------------------------------------------------------------------------------------------------------------------------------------
-- thong_tin_theo_doi_suc_khoe
INSERT INTO thong_tin_theo_doi_suc_khoe (Ma_benh_nhan, Ngay, Gio, Can_nang, Chieu_cao, Huyet_ap, BMI, Phan_loai_suc_khoe)
VALUES 
('BN10001', '2024-01-01', '09:20:00', 65.5, 170, '120/80', 22.7, N'Bình thường'),
('BN10002', '2024-01-01', '09:40:00', 72, 175, '130/85', 23.5, N'Bình thường'),
('BN10003', '2024-01-01', '10:00:00', 80, 180, '140/90', 24.7, N'Bình thường'),
('BN10004', '2024-01-01', '13:40:00', 68.5, 172, '125/80', 23.2, N'Bình thường'),
('BN10005', '2024-01-01', '14:00:00', 75, 178, '130/85', 23.7, N'Bình thường'),
('BN10006', '2024-01-01', '14:40:00', 70, 176, '120/80', 22.6, N'Bình thường'),
('BN10007', '2024-01-01', '15:20:00', 77, 179, '140/90', 24.0, N'Bình thường'),
('BN10008', '2024-01-01', '16:00:00', 62, 168, '110/70', 22.0, N'Bình thường'),
('BN10009', '2024-01-02', '10:20:00', 70, 173, '120/80', 23.4, N'Bình thường'),
('BN10010', '2024-01-02', '14:30:00', 85, 182, '130/85', 25.6, N'Thừa cân'),
('BN10011', '2024-01-03', '08:40:00', 60.5, 165, '120/80', 22.2, N'Bình thường'),
('BN10012', '2024-01-04', '16:00:00', 78, 177, '140/90', 24.9, N'Thừa cân'),
('BN10013', '2024-01-05', '09:20:00', 64, 171, '110/70', 21.9, N'Bình thường'),
('BN10014', '2024-01-06', '16:20:00', 73, 174, '120/80', 24.1, N'Bình thường'),
('BN10015', '2023-01-07', '07:30:00', 68.5, 169, '125/80', 24.0, N'Bình thường'),
('BN10016', '2024-01-08', '10:20:00', 72, 176, '130/85', 23.2, N'Bình thường'),
('BN10017', '2024-01-09', '09:20:00', 79, 180, '140/90', 24.4, N'Thừa cân'),
('BN10018', '2024-01-10', '08:40:00', 63, 167, '110/70', 22.6, N'Bình thường'),
('BN10019', '2024-01-11', '16:00:00', 70.5, 172, '120/80', 23.8, N'Bình thường'),
('BN10020', '2024-01-14', '07:20:00', 75, 177, '130/85', 24.0, N'Thừa cân'),
('BN10021', '2024-01-17', '15:20:00', 67.5, 170, '140/90', 23.3, N'Bình thường'),
('BN10022', '2024-01-20', '14:20:00', 82, 179, '120/80', 25.6, N'Thừa cân'),
('BN10023', '2024-01-22', '08:40:00', 71, 175, '125/80', 23.2, N'Bình thường'),
('BN10024', '2024-01-25', '16:00:00', 76, 178, '130/85', 24.0, N'Thừa cân'),
('BN10025', '2024-01-26', '07:20:00', 73, 173, '120/80', 24.4, N'Thừa cân'),
('BN10026', '2024-01-28', '13:00:00', 65, 168, '110/70', 23.0, N'Thiếu cân'),
('BN10027', '2024-01-31', '14:20:00', 80.5, 181, '130/85', 24.5, N'Thừa cân'),
('BN10028', '2024-02-02', '08:40:00', 70, 176, '120/80', 22.6, N'Bình thường'),
('BN10029', '2024-02-06', '15:00:00', 77.5, 180, '140/90', 23.9, N'Thừa cân'),
('BN10030', '2024-02-09', '09:00:00', 72, 175, '125/80', 23.5, N'Bình thường'),
('BN10031', '2024-02-13', '16:40:00', 65, 168, '120/80', 23.0, N'Bình thường'),
('BN10032', '2024-02-16', '10:20:00', 72.5, 175, '130/85', 23.7, N'Bình thường'),
('BN10033', '2024-02-19', '14:40:00', 68, 172, '140/90', 23.0, N'Bình thường'),
('BN10034', '2024-02-24', '16:20:00', 75, 180, '125/80', 23.1, N'Bình thường'),
('BN10035', '2024-02-28', '13:20:00', 77, 178, '130/85', 24.3, N'Thừa cân'),
('BN10036', '2024-02-29', '09:40:00', 70, 176, '120/80', 22.6, N'Bình thường'),
('BN10037', '2024-03-02', '13:40:00', 82, 179, '140/90', 25.6, N'Thừa cân'),
('BN10038', '2024-03-07', '10:20:00', 63, 167, '110/70', 22.6, N'Bình thường'),
('BN10039', '2024-03-11', '10:20:00', 70.5, 172, '120/80', 23.8, N'Bình thường'),
('BN10040', '2024-03-15', '16:00:00', 85, 182, '130/85', 25.6, N'Thừa cân'),
('BN10041', '2024-03-19', '08:40:00', 60.5, 165, '120/80', 22.2, N'Bình thường'),
('BN10042', '2024-03-23', '14:20:00', 78, 177, '140/90', 24.9, N'Thừa cân'),
('BN10043', '2024-03-26', '09:40:00', 64, 171, '110/70', 21.9, N'Bình thường'),
('BN10044', '2024-03-29', '13:40:00', 73, 174, '120/80', 24.1, N'Bình thường'),
('BN10045', '2024-04-01', '07:40:00', 68.5, 169, '125/80', 24.0, N'Bình thường'),
('BN10046', '2024-04-03', '10:20:00', 72, 176, '130/85', 23.2, N'Bình thường'),
('BN10047', '2024-04-07', '14:40:00', 79, 180, '140/90', 24.4, N'Thừa cân'),
('BN10048', '2024-04-10', '14:20:00', 63, 167, '110/70', 22.6, N'Bình thường'),
('BN10049', '2024-04-13', '16:00:00', 70.5, 172, '120/80', 23.8, N'Bình thường'),
('BN10050', '2024-04-19', '07:40:00', 75, 177, '130/85', 24.0, N'Thừa cân'),
('BN10051', '2024-04-22', '10:20:00', 67.5, 170, '140/90', 23.3, N'Bình thường'),
('BN10052', '2024-04-25', '14:40:00', 82, 179, '120/80', 25.6, N'Thừa cân'),
('BN10053', '2024-04-25', '15:20:00', 71, 175, '125/80', 23.2, N'Bình thường'),
('BN10054', '2024-04-25', '16:00:00', 76, 178, '130/85', 24.0, N'Thừa cân'),
('BN10055', '2024-04-25', '16:40:00', 73, 173, '120/80', 24.4, N'Thừa cân'),
('BN10056', '2024-04-26', '10:20:00', 65, 168, '110/70', 23.0, N'Thiếu cân'),
('BN10057', '2024-04-27', '14:40:00', 80.5, 181, '130/85', 24.5, N'Thừa cân'),
('BN10058', '2024-04-27', '15:20:00', 70, 176, '120/80', 22.6, N'Bình thường'),
('BN10059', '2024-04-27', '16:00:00', 77.5, 180, '140/90', 23.9, N'Thừa cân'),
('BN10060', '2024-04-28', '07:40:00', 72, 175, '125/80', 23.5, N'Bình thường');

DELETE thong_tin_theo_doi_suc_khoe

--Table than_nhan
INSERT INTO than_nhan (Ma_benh_nhan, Ten, Dia_chi)
VALUES 
('BN10001', N'Nguyễn Thị Cẩm Xuyến', N'Hồ Chí Minh'),
('BN10002', N'Trần Văn Bảo', N'Đà Nẵng'),
('BN10003', N'Lê Thị Hương', N'Vĩnh Long'),
('BN10004', N'Phạm Văn Minh', N'Cần Thơ'),
('BN10005', N'Trần Thị Mai', N'Bình Dương'),
('BN10006', N'Nguyễn Văn Đức', N'Hồ Chí Minh'),
('BN10007', N'Lê Thị Kim Anh', N'Quảng Nam'),
('BN10008', N'Phạm Văn Khánh', N'Quảng Ngãi'),
('BN10009', N'Nguyễn Thị Diệu Hằng', N'Nha Trang'),
('BN10010', N'Trần Văn Tuấn', N'Bình Định'),
('BN10011', N'Lê Thị Thanh Tâm', N'Hồ Chí Minh'),
('BN10012', N'Phạm Văn Đạt', N'Vũng Tàu'),
('BN10013', N'Trần Thị Thúy Hằng', N'Đồng Nai'),
('BN10014', N'Nguyễn Văn Bình', N'Long An'),
('BN10015', N'Lê Thị Hoa', N'Bến Tre'),
('BN10016', N'Phạm Văn Lợi', N'Tiền Giang'),
('BN10017', N'Trần Thị Lan', N'Hồ Chí Minh'),
('BN10018', N'Nguyễn Văn Trí', N'Đồng Tháp'),
('BN10019', N'Lê Thị Thúy', N'Cà Mau'),
('BN10020', N'Phạm Văn Hoàng', N'Bạc Liêu'),
('BN10021', N'Trần Thị Lan', N'Hồ Chí Minh'),
('BN10022', N'Nguyễn Văn Tài', N'Quảng Bình'),
('BN10023', N'Lê Thị Phương', N'Quảng Nam'),
('BN10024', N'Phạm Văn Hùng', N'Đà Nẵng'),
('BN10025', N'Trần Thị Thảo', N'Huế'),
('BN10026', N'Nguyễn Văn Hòa', N'Quảng Trị'),
('BN10027', N'Lê Thị Hằng', N'Quảng Bình'),
('BN10028', N'Phạm Văn Đông', N'Quảng Ngãi'),
('BN10029', N'Trần Thị Ngọc', N'Nha Trang'),
('BN10030', N'Nguyễn Văn Khánh', N'Bình Định'),
('BN10031', N'Nguyễn Thị Cẩm Xuyến', N'Hồ Chí Minh'),
('BN10032', N'Trần Văn Bảo', N'Đà Nẵng'),
('BN10033', N'Lê Thị Hương', N'Vĩnh Long'),
('BN10034', N'Phạm Văn Minh', N'Cần Thơ'),
('BN10035', N'Trần Thị Mai', N'Bình Dương'),
('BN10036', N'Nguyễn Văn Đức', N'Hồ Chí Minh'),
('BN10037', N'Lê Thị Kim Anh', N'Quảng Nam'),
('BN10038', N'Phạm Văn Khánh', N'Quảng Ngãi'),
('BN10039', N'Nguyễn Thị Diệu Hằng', N'Nha Trang'),
('BN10040', N'Trần Văn Tuấn', N'Bình Định'),
('BN10041', N'Lê Thị Thanh Tâm', N'Hồ Chí Minh'),
('BN10042', N'Phạm Văn Đạt', N'Vũng Tàu'),
('BN10043', N'Trần Thị Thúy Hằng', N'Đồng Nai'),
('BN10044', N'Nguyễn Văn Bình', N'Long An'),
('BN10045', N'Lê Thị Hoa', N'Bến Tre'),
('BN10046', N'Phạm Văn Lợi', N'Tiền Giang'),
('BN10047', N'Trần Thị Lan', N'Hồ Chí Minh'),
('BN10048', N'Nguyễn Văn Trí', N'Đồng Tháp'),
('BN10049', N'Lê Thị Thúy', N'Cà Mau'),
('BN10050', N'Phạm Văn Hoàng', N'Bạc Liêu'),
('BN10051', N'Trần Thị Lan', N'Hồ Chí Minh'),
('BN10052', N'Nguyễn Văn Tài', N'Quảng Bình'),
('BN10053', N'Lê Thị Phương', N'Quảng Nam'),
('BN10054', N'Phạm Văn Hùng', N'Đà Nẵng'),
('BN10055', N'Trần Thị Thảo', N'Huế'),
('BN10056', N'Nguyễn Văn Hòa', N'Quảng Trị'),
('BN10057', N'Lê Thị Hằng', N'Quảng Bình'),
('BN10058', N'Phạm Văn Đông', N'Quảng Ngãi'),
('BN10059', N'Trần Thị Ngọc', N'Nha Trang'),
('BN10060', N'Nguyễn Văn Khánh', N'Bình Định');




-- TABLE lien_lac_cua_than_nhan
INSERT INTO lien_lac_cua_than_nhan (Ma_benh_nhan, Ten, So_dien_thoai, Email)
VALUES 
('BN10001', N'Nguyễn Thị Cẩm Xuyến', '0123456789', 'xuyen123@example.com'),
('BN10002', N'Trần Văn Bảo', '0987654321', 'bao456@example.com'),
('BN10003', N'Lê Thị Hương', '0369852147', 'huong789@example.com'),
('BN10004', N'Phạm Văn Minh', '0124789653', 'minh987@example.com'),
('BN10005', N'Trần Thị Mai', '0975842316', 'mai1234@example.com'),
('BN10006', N'Nguyễn Văn Đức', '0987654326', 'vanduc@example.com'),
('BN10007', N'Lê Thị Kim Anh', '0987654327', 'kiman@example.com'),
('BN10008', N'Phạm Văn Khánh', '0987654328', 'khanh@example.com'),
('BN10009', N'Nguyễn Thị Diệu Hằng', '0987654329', 'dieuhang@example.com'),
('BN10010', N'Trần Văn Tuấn', '0987654330', 'vantuan@example.com'),
('BN10011', N'Lê Thị Thanh Tâm', '0987654331', 'thanhtam@example.com'),
('BN10012', N'Phạm Văn Đạt', '0987654332', 'dat@example.com'),
('BN10013', N'Trần Thị Thúy Hằng', '0987654333', 'thuyhang@example.com'),
('BN10014', N'Nguyễn Văn Bình', '0987654334', 'vanbinh@example.com'),
('BN10015', N'Lê Thị Hoa', '0987654335', 'lehoa@example.com'),
('BN10016', N'Phạm Văn Lợi', '0987654336', 'vanloi@example.com'),
('BN10017', N'Trần Thị Lan', '0987654337', 'lan@example.com'),
('BN10018', N'Nguyễn Văn Trí', '0987654338', 'vantri@example.com'),
('BN10019', N'Lê Thị Thúy', '0987654339', 'thuy@example.com'),
('BN10020', N'Phạm Văn Hoàng', '0987654340', 'hoang@example.com'),
('BN10021', N'Trần Thị Lan', '0987654341', 'lan@example.com'),
('BN10022', N'Nguyễn Văn Tài', '0987654342', 'tai@example.com'),
('BN10023', N'Lê Thị Phương', '0987654343', 'phuong@example.com'),
('BN10024', N'Phạm Văn Hùng', '0987654344', 'hung@example.com'),
('BN10025', N'Trần Thị Thảo', '0987654345', 'thao@example.com'),
('BN10026', N'Nguyễn Văn Hòa', '0987654346', 'hoa@example.com'),
('BN10027', N'Lê Thị Hằng', '0987654347', 'hang@example.com'),
('BN10028', N'Phạm Văn Đông', '0987654348', 'dong@example.com'),
('BN10029', N'Trần Thị Ngọc', '0987654349', 'ngoc@example.com'),
('BN10030', N'Nguyễn Văn Khánh', '0987654350', 'khanh@example.com'),
('BN10031', N'Nguyễn Thị Cẩm Xuyến', '0123456789', 'xuyen123@example.com'),
('BN10032', N'Trần Văn Bảo', '0987654321', 'bao456@example.com'),
('BN10033', N'Lê Thị Hương', '0369852147', 'huong789@example.com'),
('BN10034', N'Phạm Văn Minh', '0124789653', 'minh987@example.com'),
('BN10035', N'Trần Thị Mai', '0975842316', 'mai1234@example.com'),
('BN10036', N'Nguyễn Văn Đức', '0987654326', 'vanduc@example.com'),
('BN10037', N'Lê Thị Kim Anh', '0987654327', 'kiman@example.com'),
('BN10038', N'Phạm Văn Khánh', '0987654328', 'khanh@example.com'),
('BN10039', N'Nguyễn Thị Diệu Hằng', '0987654329', 'dieuhang@example.com'),
('BN10040', N'Trần Văn Tuấn', '0987654330', 'vantuan@example.com'),
('BN10041', N'Lê Thị Thanh Tâm', '0987654331', 'thanhtam@example.com'),
('BN10042', N'Phạm Văn Đạt', '0987654332', 'dat@example.com'),
('BN10043', N'Trần Thị Thúy Hằng', '0987654333', 'thuyhang@example.com'),
('BN10044', N'Nguyễn Văn Bình', '0987654334', 'vanbinh@example.com'),
('BN10045', N'Lê Thị Hoa', '0987654335', 'lehoa@example.com'),
('BN10046', N'Phạm Văn Lợi', '0987654336', 'vanloi@example.com'),
('BN10047', N'Trần Thị Lan', '0987654337', 'lan@example.com'),
('BN10048', N'Nguyễn Văn Trí', '0987654338', 'vantri@example.com'),
('BN10049', N'Lê Thị Thúy', '0987654339', 'thuy@example.com'),
('BN10050', N'Phạm Văn Hoàng', '0987654340', 'hoang@example.com'),
('BN10051', N'Trần Thị Lan', '0987654341', 'lan@example.com'),
('BN10052', N'Nguyễn Văn Tài', '0987654342', 'tai@example.com'),
('BN10053', N'Lê Thị Phương', '0987654343', 'phuong@example.com'),
('BN10054', N'Phạm Văn Hùng', '0987654344', 'hung@example.com'),
('BN10055', N'Trần Thị Thảo', '0987654345', 'thao@example.com'),
('BN10056', N'Nguyễn Văn Hòa', '0987654346', 'hoa@example.com'),
('BN10057', N'Lê Thị Hằng', '0987654347', 'hang@example.com'),
('BN10058', N'Phạm Văn Đông', '0987654348', 'dong@example.com'),
('BN10059', N'Trần Thị Ngọc', '0987654349', 'ngoc@example.com'),
('BN10060', N'Nguyễn Văn Khánh', '0987654350', 'khanh@example.com');




--TABLE lan_di_benh_vien

INSERT INTO lan_di_benh_vien (Ma_so_lan_di_benh_vien, Gio, Ngay, Tong_chi_phi, Ma_benh_nhan)
VALUES 
('LDBV10001', '09:20', '2024-01-01', 0, 'BN10001'),
('LDBV10002', '09:40', '2024-01-01', 0, 'BN10002'),
('LDBV10003', '10:00', '2024-01-01', 0, 'BN10003'),
('LDBV10004', '13:40', '2024-01-01', 0, 'BN10004'),
('LDBV10005', '14:00', '2024-01-01', 0, 'BN10005'),
('LDBV10006', '14:40', '2024-01-01', 0, 'BN10006'),
('LDBV10007', '15:20', '2024-01-01', 0, 'BN10007'),
('LDBV10008', '16:00', '2024-01-01', 0, 'BN10008'),
('LDBV10009', '10:20', '2024-01-02', 0, 'BN10009'),
('LDBV10010', '14:30', '2024-01-02', 0, 'BN10010'),
('LDBV10011', '08:40', '2024-01-03', 0, 'BN10011'),
('LDBV10012', '16:00', '2024-01-04', 0, 'BN10012'),
('LDBV10013', '09:20', '2024-01-05', 0, 'BN10013'),
('LDBV10014', '16:20', '2024-01-06', 0, 'BN10014'),
('LDBV10015', '07:30', '2023-01-07', 0, 'BN10015'),
('LDBV10016', '10:20', '2024-01-08', 0, 'BN10016'),
('LDBV10017', '09:20', '2024-01-09', 0, 'BN10017'),
('LDBV10018', '08:40', '2024-01-10', 0, 'BN10018'),
('LDBV10019', '16:00', '2024-01-11', 0, 'BN10019'),
('LDBV10020', '07:20', '2024-01-14', 0, 'BN10020'),
('LDBV10021', '15:20', '2024-01-17', 0, 'BN10021'),
('LDBV10022', '14:20', '2024-01-20', 0, 'BN10022'),
('LDBV10023', '08:40', '2024-01-22', 0, 'BN10023'),
('LDBV10024', '16:00', '2024-01-25', 0, 'BN10024'),
('LDBV10025', '07:20', '2024-01-26', 0, 'BN10025'),
('LDBV10026', '13:00', '2024-01-28', 0, 'BN10026'),
('LDBV10027', '14:20', '2024-01-31', 0, 'BN10027'),
('LDBV10028', '08:40', '2024-02-02', 0, 'BN10028'),
('LDBV10029', '15:00', '2024-02-06', 0, 'BN10029'),
('LDBV10030', '09:00', '2024-02-09', 0, 'BN10030'),
('LDBV10031', '16:40', '2024-02-13', 0, 'BN10031'),
('LDBV10032', '10:20', '2024-02-16', 0, 'BN10032'),
('LDBV10033', '14:40', '2024-02-19', 0, 'BN10033'),
('LDBV10034', '16:20', '2024-02-24', 0, 'BN10034'),
('LDBV10035', '13:20', '2024-02-28', 0, 'BN10035'),
('LDBV10036', '09:40', '2024-02-29', 0, 'BN10036'),
('LDBV10037', '13:40', '2024-03-02', 0, 'BN10037'),
('LDBV10038', '10:20', '2024-03-07', 0, 'BN10038'),
('LDBV10039', '10:20', '2024-03-11', 0, 'BN10039'),
('LDBV10040', '16:00', '2024-03-15', 0, 'BN10040'),
('LDBV10041', '08:40', '2024-03-19', 0, 'BN10041'),
('LDBV10042', '14:20', '2024-03-23', 0, 'BN10042'),
('LDBV10043', '09:40', '2024-03-26', 0, 'BN10043'),
('LDBV10044', '13:40', '2024-03-29', 0, 'BN10044'),
('LDBV10045', '07:40', '2024-04-01', 0, 'BN10045'),
('LDBV10046', '10:20', '2024-04-03', 0, 'BN10046'),
('LDBV10047', '14:40', '2024-04-07', 0, 'BN10047'),
('LDBV10048', '14:20', '2024-04-10', 0, 'BN10048'),
('LDBV10049', '16:00', '2024-04-13', 0, 'BN10049'),
('LDBV10050', '07:40', '2024-04-19', 0, 'BN10050'),
('LDBV10051', '10:20', '2024-04-22', 0, 'BN10051'),
('LDBV10052', '14:40', '2024-04-25', 0, 'BN10052'),
('LDBV10053', '15:20', '2024-04-25', 0, 'BN10053'),
('LDBV10054', '16:00', '2024-04-25', 0, 'BN10054'),
('LDBV10055', '16:40', '2024-04-25', 0, 'BN10055'),
('LDBV10056', '10:20', '2024-04-26', 0, 'BN10056'),
('LDBV10057', '14:40', '2024-04-27', 0, 'BN10057'),
('LDBV10058', '15:20', '2024-04-27', 0, 'BN10058'),
('LDBV10059', '16:00', '2024-04-27', 0, 'BN10059'),
('LDBV10060', '07:40', '2024-04-28', 0, 'BN10060');

DELETE lan_di_benh_vien
-- Table loai_dich_vu

-- Dịch vụ khám bệnh
INSERT INTO loai_dich_vu (Ma_loai_dich_vu, Ten_dich_vu, Mo_ta, Bang_gia)
VALUES ('KB', N'Khám bệnh', N'Kiểm tra tình trạng sức khỏe và chẩn đoán bệnh', 46000);

-- Dịch vụ xét nghiệm
INSERT INTO loai_dich_vu (Ma_loai_dich_vu, Ten_dich_vu, Mo_ta, Bang_gia)
VALUES ('XN', N'Xét Nghiệm', N'Tiến hành các xét nghiệm để phát hiện bệnh', 600000);

-- Dịch vụ nội soi
INSERT INTO loai_dich_vu (Ma_loai_dich_vu, Ten_dich_vu, Mo_ta, Bang_gia)
VALUES ('NS', N'Nội Soi', N'Tiến hành kiểm tra bên trong cơ thể bằng nội soi', 2150000);

-- Dịch vụ chụp CT/Xquang
INSERT INTO loai_dich_vu (Ma_loai_dich_vu, Ten_dich_vu, Mo_ta, Bang_gia)
VALUES ('CT', N'Chụp CT/x-quang', N'Tiến hành chụp CT hoặc X-quang để chẩn đoán bệnh', 3135000);

-- Dịch vụ siêu âm
INSERT INTO loai_dich_vu (Ma_loai_dich_vu, Ten_dich_vu, Mo_ta, Bang_gia)
VALUES ('SA', N'Siêu âm', N'Tiến hành siêu âm để xem bên trong cơ thể', 595000);

-- Dịch vụ lưu trú
INSERT INTO loai_dich_vu (Ma_loai_dich_vu, Ten_dich_vu, Mo_ta, Bang_gia)
VALUES ('LT', N'Lưu Trú', N'Cung cấp dịch vụ lưu trú cho bệnh nhân trong 1 ngày', 285000);


---------------------------------------------------------------------------------------------------------------------------------------
--Lan su dung dich vu
INSERT INTO lan_su_dung_dich_vu (Ma_so, Ma_so_lan_di_benh_vien, Ma_loai_dich_vu, Ma_so_nhan_vien)
VALUES 
('KB10001', 'LDBV10001', 'KB', 'BS10007'),
('KB10002', 'LDBV10002', 'KB', 'BS10012'),
('KB10003', 'LDBV10003', 'KB', 'BS10003'),
('KB10004', 'LDBV10004', 'KB', 'BS10014'),
('KB10005', 'LDBV10005', 'KB', 'BS10010'),
('KB10006', 'LDBV10006', 'KB', 'BS10015'),
('KB10007', 'LDBV10007', 'KB', 'BS10008'),
('KB10008', 'LDBV10008', 'KB', 'BS10001'),
('KB10009', 'LDBV10009', 'KB', 'BS10009'),
('KB10010', 'LDBV10010', 'KB', 'BS10011'),
('KB10011', 'LDBV10011', 'KB', 'BS10013'),
('KB10012', 'LDBV10012', 'KB', 'BS10002'),
('KB10013', 'LDBV10013', 'KB', 'BS10005'),
('KB10014', 'LDBV10014', 'KB', 'BS10006'),
('KB10015', 'LDBV10015', 'KB', 'BS10016'),
('KB10016', 'LDBV10016', 'KB', 'BS10004'),
('KB10017', 'LDBV10017', 'KB', 'BS10001'),
('KB10018', 'LDBV10018', 'KB', 'BS10010'),
('KB10019', 'LDBV10019', 'KB', 'BS10008'),
('KB10020', 'LDBV10020', 'KB', 'BS10012'),
('KB10021', 'LDBV10021', 'KB', 'BS10014'),
('KB10022', 'LDBV10022', 'KB', 'BS10005'),
('KB10023', 'LDBV10023', 'KB', 'BS10006'),
('KB10024', 'LDBV10024', 'KB', 'BS10013'),
('KB10025', 'LDBV10025', 'KB', 'BS10009'),
('KB10026', 'LDBV10026', 'KB', 'BS10003'),
('KB10027', 'LDBV10027', 'KB', 'BS10007'),
('KB10028', 'LDBV10028', 'KB', 'BS10002'),
('KB10029', 'LDBV10029', 'KB', 'BS10011'),
('KB10030', 'LDBV10030', 'KB', 'BS10015'),
('KB10031', 'LDBV10031', 'KB', 'BS10013'),
('KB10032', 'LDBV10032', 'KB', 'BS10004'),
('KB10033', 'LDBV10033', 'KB', 'BS10006'),
('KB10034', 'LDBV10034', 'KB', 'BS10001'),
('KB10035', 'LDBV10035', 'KB', 'BS10011'),
('KB10036', 'LDBV10036', 'KB', 'BS10014'),
('KB10037', 'LDBV10037', 'KB', 'BS10005'),
('KB10038', 'LDBV10038', 'KB', 'BS10015'),
('KB10039', 'LDBV10039', 'KB', 'BS10010'),
('KB10040', 'LDBV10040', 'KB', 'BS10002'),
('KB10041', 'LDBV10041', 'KB', 'BS10007'),
('KB10042', 'LDBV10042', 'KB', 'BS10008'),
('KB10043', 'LDBV10043', 'KB', 'BS10009'),
('KB10044', 'LDBV10044', 'KB', 'BS10012'),
('KB10045', 'LDBV10045', 'KB', 'BS10003'),
('KB10046', 'LDBV10046', 'KB', 'BS10016'),
('KB10047', 'LDBV10047', 'KB', 'BS10001'),
('KB10048', 'LDBV10048', 'KB', 'BS10005'),
('KB10049', 'LDBV10049', 'KB', 'BS10009'),
('KB10050', 'LDBV10050', 'KB', 'BS10003'),
('KB10051', 'LDBV10051', 'KB', 'BS10006'),
('KB10052', 'LDBV10052', 'KB', 'BS10010'),
('KB10053', 'LDBV10053', 'KB', 'BS10012'),
('KB10054', 'LDBV10054', 'KB', 'BS10014'),
('KB10055', 'LDBV10055', 'KB', 'BS10004'),
('KB10056', 'LDBV10056', 'KB', 'BS10007'),
('KB10057', 'LDBV10057', 'KB', 'BS10008'),
('KB10058', 'LDBV10058', 'KB', 'BS10011'),
('KB10059', 'LDBV10059', 'KB', 'BS10013'),
('KB10060', 'LDBV10060', 'KB', 'BS10016');

DELETE lan_su_dung_dich_vu
where  Ma_loai_dich_vu = 'KB'

-- Nội soi [15 đứa]
INSERT INTO lan_su_dung_dich_vu (Ma_so, Ma_so_lan_di_benh_vien, Ma_loai_dich_vu, Ma_so_nhan_vien)
VALUES 
('NS10005', 'LDBV10005', 'NS', 'BS10015'),
('NS10010', 'LDBV10010', 'NS', 'BS10016'),
('NS10013', 'LDBV10013', 'NS', 'BS10015'),
('NS10014', 'LDBV10014', 'NS', 'BS10016'),
('NS10019', 'LDBV10019', 'NS', 'BS10015'),
('NS10021', 'LDBV10021', 'NS', 'BS10016'),
('NS10024', 'LDBV10024', 'NS', 'BS10015'),
('NS10027', 'LDBV10027', 'NS', 'BS10016'),
('NS10039', 'LDBV10039', 'NS', 'BS10015'),
('NS10043', 'LDBV10043', 'NS', 'BS10016'),
('NS10044', 'LDBV10044', 'NS', 'BS10015'),
('NS10045', 'LDBV10045', 'NS', 'BS10016'),
('NS10048', 'LDBV10048', 'NS', 'BS10015'),
('NS10052', 'LDBV10052', 'NS', 'BS10016'),
('NS10053', 'LDBV10053', 'NS', 'BS10015');

--  Xét nghiệm [18 đứa]
INSERT INTO lan_su_dung_dich_vu (Ma_so, Ma_so_lan_di_benh_vien, Ma_loai_dich_vu, Ma_so_nhan_vien)
VALUES 
('XN10002', 'LDBV10002', 'XN', 'BS10006'),
('XN10005', 'LDBV10005', 'XN', 'BS10007'),
('XN10010', 'LDBV10010', 'XN', 'BS10008'),
('XN10011', 'LDBV10011', 'XN', 'BS10006'),
('XN10012', 'LDBV10012', 'XN', 'BS10007'),
('XN10013', 'LDBV10013', 'XN', 'BS10008'),
('XN10014', 'LDBV10014', 'XN', 'BS10006'),
('XN10019', 'LDBV10019', 'XN', 'BS10007'),
('XN10021', 'LDBV10021', 'XN', 'BS10008'),
('XN10024', 'LDBV10024', 'XN', 'BS10006'),
('XN10027', 'LDBV10027', 'XN', 'BS10007'),
('XN10032', 'LDBV10032', 'XN', 'BS10008'),
('XN10034', 'LDBV10034', 'XN', 'BS10006'),
('XN10044', 'LDBV10044', 'XN', 'BS10007'),
('XN10045', 'LDBV10045', 'XN', 'BS10008'),
('XN10048', 'LDBV10048', 'XN', 'BS10006'),
('XN10052', 'LDBV10052', 'XN', 'BS10007'),
('XN10053', 'LDBV10053', 'XN', 'BS10008');


--Chụp CT
INSERT INTO lan_su_dung_dich_vu (Ma_so, Ma_so_lan_di_benh_vien, Ma_loai_dich_vu, Ma_so_nhan_vien)
VALUES 
('CT10010', 'LDBV10010', 'CT', 'BS10001'),
('CT10028', 'LDBV10028', 'CT', 'BS10002'),
('CT10034', 'LDBV10034', 'CT', 'BS10003'),
('CT10057', 'LDBV10057', 'CT', 'BS10011'),
('CT10013', 'LDBV10013', 'CT', 'BS10012'),
('CT10051', 'LDBV10051', 'CT', 'BS10001'),
('CT10046', 'LDBV10046', 'CT', 'BS10002'),
('CT10014', 'LDBV10014', 'CT', 'BS10003'),
('CT10049', 'LDBV10049', 'CT', 'BS10011'),
('CT10016', 'LDBV10016', 'CT', 'BS10012'),
('CT10055', 'LDBV10055', 'CT', 'BS10001'),
('CT10044', 'LDBV10044', 'CT', 'BS10002'),
('CT10060', 'LDBV10060', 'CT', 'BS10003');

--Siêu âm
INSERT INTO lan_su_dung_dich_vu (Ma_so, Ma_so_lan_di_benh_vien, Ma_loai_dich_vu, Ma_so_nhan_vien)
VALUES 
('SA10003', 'LDBV10003', 'SA', 'BS10014'),
('SA10004', 'LDBV10004', 'SA', 'BS10015'),
('SA10005', 'LDBV10005', 'SA', 'BS10014'),
('SA10006', 'LDBV10006', 'SA', 'BS10015'),
('SA10007', 'LDBV10007', 'SA', 'BS10014'),
('SA10008', 'LDBV10008', 'SA', 'BS10015'),
('SA10009', 'LDBV10009', 'SA', 'BS10014'),
('SA10020', 'LDBV10020', 'SA', 'BS10015'),
('SA10022', 'LDBV10022', 'SA', 'BS10014'),
('SA10023', 'LDBV10023', 'SA', 'BS10015'),
('SA10026', 'LDBV10026', 'SA', 'BS10014');


SELECT * FROM bac_si
-- DV lưu trú
INSERT INTO lan_su_dung_dich_vu (Ma_so, Ma_so_lan_di_benh_vien, Ma_loai_dich_vu, Ma_so_nhan_vien)
VALUES ('LT12001', 'LDBV10001', 'LT', 'BS10002'),
	   ('LT12002', 'LDBV10002', 'LT', 'BS10002'),
	   ('LT12003', 'LDBV10003', 'LT', 'BS10003'),
	   ('LT12004', 'LDBV10004', 'LT', 'BS10003'),
	   ('LT12005', 'LDBV10005', 'LT', 'BS10004'),
	   ('LT12006', 'LDBV10006', 'LT', 'BS10004'),
	   ('LT14001', 'LDBV10007', 'LT', 'BS10005'),
	   ('LT14002', 'LDBV10008', 'LT', 'BS10005'),
	   ('LT14003', 'LDBV10009', 'LT', 'BS10007'),
	   ('LT14004', 'LDBV10010', 'LT', 'BS10007'),
	   ('LT16001', 'LDBV10011', 'LT', 'BS10014'),
	   ('LT16002', 'LDBV10012', 'LT', 'BS10014'),
	   ('LT16003', 'LDBV10013', 'LT', 'BS10014'),
	   ('LT16004', 'LDBV10014', 'LT', 'BS10014'),
	   ('LT16005', 'LDBV10015', 'LT', 'BS10012'),
	   ('LT16006', 'LDBV10016', 'LT', 'BS10012'),
	   ('LT16007', 'LDBV10017', 'LT', 'BS10012'),
	   ('LT16008', 'LDBV10018', 'LT', 'BS10012'),
	   ('LT16009', 'LDBV10019', 'LT', 'BS10008'),
	   ('LT16010', 'LDBV10019', 'LT', 'BS10008'),
	   ('LT16011', 'LDBV10019', 'LT', 'BS10008');

----------------------------------------------------------------------------------------
--TABLE dich_vu_noi_soi 
INSERT INTO dich_vu_noi_soi (Ma_so, Co_quan, Phuong_phap, Chi_phi)
VALUES 
('NS10005', N'Bệnh viện đa khoa Thủ Đức', N'Nội soi trực tràng', 2150000),
('NS10010', N'Bệnh viện đa khoa Thủ Đức', N'Nội soi dạ dày', 2150000),
('NS10013', N'Bệnh viện đa khoa Thủ Đức', N'Nội soi phế quản', 2150000),
('NS10014', N'Bệnh viện đa khoa Thủ Đức', N'Nội soi khớp', 2150000),
('NS10019', N'Bệnh viện đa khoa Thủ Đức', N'Nội soi bàng quang', 2150000),
('NS10021', N'Bệnh viện đa khoa Thủ Đức', N'Nội soi lồng ngực', 2150000),
('NS10024', N'Bệnh viện đa khoa Thủ Đức', N'Nội soi trực tràng', 2150000),
('NS10027', N'Bệnh viện đa khoa Thủ Đức', N'Nội soi dạ dày', 2150000),
('NS10039', N'Bệnh viện đa khoa Thủ Đức', N'Nội soi phế quản', 2150000),
('NS10043', N'Bệnh viện đa khoa Thủ Đức', N'Nội soi khớp', 2150000),
('NS10044', N'Bệnh viện đa khoa Thủ Đức', N'Nội soi bàng quang', 2150000),
('NS10045', N'Bệnh viện đa khoa Thủ Đức', N'Nội soi lồng ngực', 2150000),
('NS10048', N'Bệnh viện đa khoa Thủ Đức', N'Nội soi trực tràng', 2150000),
('NS10052', N'Bệnh viện đa khoa Thủ Đức', N'Nội soi dạ dày', 2150000),
('NS10053', N'Bệnh viện đa khoa Thủ Đức', N'Nội soi phế quản', 2150000);






--TABLE dich_vu_xet_nghiem
INSERT INTO dich_vu_xet_nghiem (Ma_so, Ket_qua_xet_nghiem, Loai_xet_nghiem, Loai_mau, Chi_phi)
VALUES 
('XN10002', N'Tổng quát', N'Xét nghiệm máu', N'Máu', 600000),
('XN10005', N'Đầy đủ', N'Xét nghiệm nước tiểu', N'Nước tiểu', 600000),
('XN10010', N'Bình thường', N'Xét nghiệm nước tiểu', N'Nước tiểu', 600000),
('XN10011', N'Tốt', N'Xét nghiệm máu', N'Máu', 600000),
('XN10012', N'Không bất thường', N'Xét nghiệm máu', N'Máu', 600000),
('XN10013', N'Đạt chuẩn', N'Xét nghiệm nước tiểu', N'Nước tiểu', 600000),
('XN10014', N'Kháng sinh đầy đủ', N'Xét nghiệm vi khuẩn', N'Vi khuẩn', 600000),
('XN10019', N'Bình thường', N'Xét nghiệm máu', N'Máu', 600000),
('XN10021', N'Tiêu chuẩn', N'Xét nghiệm máu', N'Máu', 600000),
('XN10024', N'Âm tính', N'Xét nghiệm nước tiểu', N'Nước tiểu', 600000),
('XN10027', N'Âm tính', N'Xét nghiệm nước tiểu', N'Nước tiểu',600000),
('XN10032', N'Âm tính', N'Xét nghiệm nước tiểu', N'Nước tiểu', 600000),
('XN10034', N'Kháng sinh đầy đủ', N'Xét nghiệm vi khuẩn', N'Vi khuẩn', 600000),
('XN10044', N'Bình thường', N'Xét nghiệm máu', N'Máu',600000),
('XN10045', N'Đạt chuẩn', N'Xét nghiệm máu', N'Máu', 600000),
('XN10048', N'Kháng sinh đầy đủ', N'Xét nghiệm vi khuẩn', N'Vi khuẩn', 600000),
('XN10052', N'Kháng sinh đầy đủ', N'Xét nghiệm vi khuẩn', N'Vi khuẩn', 600000),
('XN10053', N'Bình thường', N'Xét nghiệm máu', N'Máu', 600000);


-- TABLE dich_vu_chup_ct_xquang
INSERT INTO dich_vu_chup_ct_xquang (Ma_so, Vi_tri_chup, Kieu_x_quang, Chi_phi)
VALUES 
('CT10010', N'Xương cổ', N'Chụp CT cổ', 3135000),
('CT10028', N'Bụng dưới', N'Chụp CT bụng', 3135000),
('CT10034', N'Tim', N'Chụp CT tim', 3135000),
('CT10057', N'Vùng chậu', N'Chụp CT chậu', 3135000),
('CT10013', N'Bàn chân', N'Chụp CT chân', 3135000),
('CT10051', N'Xương cổ', N'Chụp CT cổ', 3135000),
('CT10046', N'Bụng dưới', N'Chụp CT bụng', 3135000),
('CT10014', N'Tim', N'Chụp CT tim', 3135000),
('CT10049', N'Vùng chậu', N'Chụp CT chậu', 3135000),
('CT10016', N'Bàn chân', N'Chụp CT chân', 3135000),
('CT10055', N'Xương cổ', N'Chụp CT cổ', 3135000),
('CT10044', N'Bụng dưới', N'Chụp CT bụng', 3135000),
('CT10060', N'Tim', N'Chụp CT tim', 3135000);


-- TABLE dich_vu_sieu_am
INSERT INTO dich_vu_sieu_am (Ma_so, Loai_dau_do, Ket_luan, Chi_phi)
VALUES 
('SA10003', N'Siêu âm bụng', N'Bình thường', 595000),
('SA10004', N'Siêu âm mắt', N'Bình thường', 595000),
('SA10005', N'Siêu âm tim', N'Bình thường', 595000),
('SA10006', N'Siêu âm thai', N'Bình thường', 595000),
('SA10007', N'Siêu âm vùng chậu', N'Bình thường', 595000),
('SA10008', N'Siêu âm gan', N'Bình thường', 595000),
('SA10009', N'Siêu âm thận', N'Bình thường', 595000),
('SA10020', N'Siêu âm tuyến giáp', N'Bình thường', 595000),
('SA10022', N'Siêu âm vùng cổ', N'Bình thường', 595000),
('SA10023', N'Siêu âm vùng chân', N'Bình thường', 595000),
('SA10026', N'Siêu âm vùng mặt', N'Bình thường', 595000);


-- TABLE hinh_thuc_hien_thi_ket_qua_sieu_am
INSERT INTO hinh_thuc_hien_thi_ket_qua_sieu_am (Ma_so, Hinh_thuc_hien_thi_ket_qua)
VALUES 
('SA10003', N'Siêu âm màu'),
('SA10004', N'Siêu âm Doppler màu'),
('SA10005', N'Siêu âm màu'),
('SA10006', N'Siêu âm 4D'),
('SA10007', N'Siêu âm Doppler màu'),
('SA10008', N'Siêu âm màu'),
('SA10009', N'Siêu âm màu'),
('SA10020', N'Siêu âm 4D'),
('SA10022', N'Siêu âm màu'),
('SA10023', N'Siêu âm Doppler màu'),
('SA10026', N'Siêu âm màu');


-- TABLE dich_vu_kham_benh 
SELECT * FROM dich_vu_kham_benh
DELETE dich_vu_kham_benh

INSERT INTO dich_vu_kham_benh (Ma_so, Ket_qua, Chi_phi, Ngay_hen_tiep_theo, Gio_hen_tiep_theo)
VALUES 
('KB10001', N'Bình thường', 46000, '2024-01-08', '09:20'),
('KB10002', N'Viêm họng cấp', 46000, '2024-01-08', '09:40'),
('KB10003', N'Sốt phát ban', 46000, '2024-01-08', '10:00'),
('KB10004', N'Ho khan', 46000, '2024-01-08', '13:40'),
('KB10005', N'Đau bụng trái', 46000, '2024-01-08', '14:00'),
('KB10006', N'Viêm tai', 46000, '2024-01-08', '14:40'),
('KB10007', N'Sốt cao', 46000, '2024-01-08', '15:20'),
('KB10008', N'Viêm mũi', 46000, '2024-01-08', '16:00'),
('KB10009', N'Tiêu chảy', 46000, '2024-01-09', '10:20'),
('KB10010', N'Đau lưng', 46000, '2024-01-09', '14:30'),
('KB10011', N'Viêm khớp', 46000, '2024-01-10', '08:40'),
('KB10012', N'Táo bón', 46000, '2024-01-11', '16:00'),
('KB10013', N'Nhiễm trùng đường tiểu', 46000, '2024-01-12', '09:20'),
('KB10014', N'Sưng nướu', 46000, '2024-01-12', '16:20'),
('KB10015', N'Nổi mụn', 46000, '2024-01-12', '07:30'),
('KB10016', N'Táo bón', 46000, '2024-01-15', '10:20'),
('KB10017', N'Đau răng', 46000, '2024-01-15', '09:20'),
('KB10018', N'Đau bụng dưới', 46000, '2024-01-15', '08:40'),
('KB10019', N'Đau ngực', 46000, '2024-01-15', '16:00'),
('KB10020', N'Rối loạn tiền đình', 46000, '2024-01-18', '07:20'),
('KB10021', N'Dị ứng da', 46000, '2024-01-18', '15:20'),
('KB10022', N'Tiêu chảy', 46000, '2024-01-18', '14:20'),
('KB10023', N'Đau bao tử', 46000, '2024-01-18', '08:40'),
('KB10024', N'Sưng mắt', 46000, '2024-01-18', '16:00'),
('KB10025', N'Đau khớp', 46000, '2024-01-19', '07:20'),
('KB10026', N'Rối loạn tiền đình', 46000, '2024-01-19', '13:00'),
('KB10027', N'Đau răng', 46000, '2024-01-19', '14:20'),
('KB10028', N'Đau bụng dưới', 46000, '2024-01-19', '08:40'),
('KB10029', N'Đau ngực', 46000, '2024-01-19', '15:00'),
('KB10030', N'Rối loạn tiền đình', 46000, '2024-01-19', '09:00'),
('KB10031', N'Dị ứng da', 46000, '2024-01-20', '16:40'),
('KB10032', N'Tiêu chảy', 46000, '2024-01-20', '10:20'),
('KB10033', N'Đau bao tử', 46000, '2024-01-20', '14:40'),
('KB10034', N'Sưng mắt', 46000, '2024-01-20', '16:20'),
('KB10035', N'Đau khớp', 46000, '2024-01-20', '13:20'),
('KB10036', N'Rối loạn tiền đình', 46000, '2024-01-21', '09:40'),
('KB10037', N'Đau răng', 46000, '2024-01-21', '13:40'),
('KB10038', N'Đau bụng dưới', 46000, '2024-01-21', '10:20'),
('KB10039', N'Đau ngực', 46000, '2024-01-21', '10:20'),
('KB10040', N'Rối loạn tiền đình', 46000, '2024-01-21', '16:00'),
('KB10041', N'Dị ứng da', 46000, '2024-01-22', '08:40'),
('KB10042', N'Tiêu chảy', 46000, '2024-01-22', '14:20'),
('KB10043', N'Đau bao tử', 46000, '2024-01-22', '09:40'),
('KB10044', N'Sưng mắt', 46000, '2024-01-22', '13:40'),
('KB10045', N'Đau khớp', 46000, '2024-01-22', '07:40'),
('KB10046', N'Rối loạn tiền đình', 46000, '2024-01-23', '10:20'),
('KB10047', N'Đau răng', 46000, '2024-01-23', '14:40'),
('KB10048', N'Đau bụng dưới', 46000, '2024-01-23', '14:20'),
('KB10049', N'Đau ngực', 46000, '2024-01-23', '16:00'),
('KB10050', N'Rối loạn tiền đình', 46000, '2024-01-23', '07:40'),
('KB10051', N'Dị ứng da', 46000, '2024-01-24', '10:20'),
('KB10052', N'Tiêu chảy', 46000, '2024-01-24', '14:40'),
('KB10053', N'Đau bao tử', 46000, '2024-01-24', '15:20'),
('KB10054', N'Sưng mắt', 46000, '2024-01-24', '16:00'),
('KB10055', N'Đau khớp', 46000, '2024-01-24', '16:40'),
('KB10056', N'Rối loạn tiền đình', 46000, '2024-01-25', '10:20'),
('KB10057', N'Đau răng', 46000, '2024-01-25', '14:40'),
('KB10058', N'Đau bụng dưới', 46000, '2024-01-25', '15:20'),
('KB10059', N'Đau ngực', 46000, '2024-01-25', '16:00'),
('KB10060', N'Rối loạn tiền đình', 46000, '2024-01-25', '07:40');



--TABLE don_thuoc

DELETE don_thuoc

INSERT INTO don_thuoc (Ma_don_thuoc, Tong_tien_thuoc, Ma_so)
VALUES 
('DT10001', 0, 'KB10001'),
('DT10002', 0, 'KB10002'),
('DT10003', 0, 'KB10003'),
('DT10004', 0, 'KB10004'),
('DT10005', 0, 'KB10005'),
('DT10006', 0, 'KB10006'),
('DT10007', 0, 'KB10007'),
('DT10008', 0, 'KB10008'),
('DT10009', 0, 'KB10009'),
('DT10010', 0, 'KB10010'),
('DT10011', 0, 'KB10011'),
('DT10012', 0, 'KB10012'),
('DT10013', 0, 'KB10013'),
('DT10014', 0, 'KB10014'),
('DT10015', 0, 'KB10015'),
('DT10016', 0, 'KB10016'),
('DT10017', 0, 'KB10017'),
('DT10018', 0, 'KB10018'),
('DT10019', 0, 'KB10019'),
('DT10020', 0, 'KB10020'),
('DT10021', 0, 'KB10021'),
('DT10022', 0, 'KB10022'),
('DT10023', 0, 'KB10023'),
('DT10024', 0, 'KB10024'),
('DT10025', 0, 'KB10025'),
('DT10026', 0, 'KB10026'),
('DT10027', 0, 'KB10027'),
('DT10028', 0, 'KB10028'),
('DT10029', 0, 'KB10029'),
('DT10030', 0, 'KB10030'),
('DT10031', 0, 'KB10031'),
('DT10032', 0, 'KB10032'),
('DT10033', 0, 'KB10033'),
('DT10034', 0, 'KB10034'),
('DT10035', 0, 'KB10035'),
('DT10036', 0, 'KB10036'),
('DT10037', 0, 'KB10037'),
('DT10038', 0, 'KB10038'),
('DT10039', 0, 'KB10039'),
('DT10040', 0, 'KB10040'),
('DT10041', 0, 'KB10041'),
('DT10042', 0, 'KB10042'),
('DT10043', 0, 'KB10043'),
('DT10044', 0, 'KB10044'),
('DT10045', 0, 'KB10045'),
('DT10046', 0, 'KB10046'),
('DT10047', 0, 'KB10047'),
('DT10048', 0, 'KB10048'),
('DT10049', 0, 'KB10049'),
('DT10050', 0, 'KB10050'),
('DT10051', 0, 'KB10051'),
('DT10052', 0, 'KB10052'),
('DT10053', 0, 'KB10053'),
('DT10054', 0, 'KB10054'),
('DT10055', 0, 'KB10055'),
('DT10056', 0, 'KB10056'),
('DT10057', 0, 'KB10057'),
('DT10058', 0, 'KB10058'),
('DT10059', 0, 'KB10059'),
('DT10060', 0, 'KB10060');




-- TABLE thuoc				<Inserted>
INSERT INTO thuoc (Ma_thuoc, Ten, Gia_ban, HDSD)
VALUES 
('TH00001', 'Paracetamol', 15000, N'Dùng để hạ sốt và giảm đau'),
('TH00002', 'Amoxicillin', 30000, N'Kháng sinh dùng để điều trị nhiễm trùng'),
('TH00003', 'Ibuprofen', 20000, N'Thuốc giảm đau và chống viêm'),
('TH00004', 'Omeprazole', 25000, N'Thuốc ức chế bom proton dùng để điều trị viêm loét dạ dày'),
('TH00005', 'Cetirizine', 35000, N'Thuốc chống dị ứng và giảm triệu chứng dị ứng'),
('TH00006', 'Loperamide', 18000, N'Thuốc chống tiêu chảy'),
('TH00007', 'Simethicone', 22000, N'Thuốc giảm đầy hơi và khí đầy trong dạ dày'),
('TH00008', 'Ranitidine', 28000, N'Thuốc ức chế H2 dùng để giảm tiết axit dạ dày'),
('TH00009', 'Dexamethasone', 40000, N'Thuốc corticosteroid chống viêm và ức chế miễn dịch'),
('TH00010', 'Mebendazole', 32000, N'Thuốc chống sán lá'),
('TH00011', 'Metronidazole', 27000, N'Kháng sinh dùng để điều trị nhiễm khuẩn'),
('TH00012', 'Aspirin', 23000, N'Thuốc giảm đau, hạ sốt và ngăn ngừa đột quỵ'),
('TH00013', 'Diazepam', 38000, N'Thuốc an thần dùng trong điều trị lo âu và căng thẳng'),
('TH00014', 'Cefixime', 35000, N'Kháng sinh cephalosporin dùng để điều trị nhiễm trùng'),
('TH00015', 'Cephalexin', 30000, N'Kháng sinh cephalosporin dùng để điều trị nhiễm trùng'),
('TH00016', 'Loratadine', 25000, N'Thuốc chống dị ứng'),
('TH00017', 'Clarithromycin', 32000, N'Kháng sinh macrolide dùng để điều trị nhiễm trùng'),
('TH00018', 'Prednisone', 27000, N'Thuốc corticosteroid dùng để giảm viêm và ức chế miễn dịch'),
('TH00019', 'Ciprofloxacin', 35000, N'Kháng sinh fluorokinolôn dùng để điều trị nhiễm trùng'),
('TH00020', 'Ampicillin', 28000, N'Kháng sinh penicillin dùng để điều trị nhiễm trùng');



--TABLE don_thuoc_gom_thuoc
DELETE don_thuoc_gom_thuoc

INSERT INTO don_thuoc_gom_thuoc (Ma_thuoc, Ma_don_thuoc, So_luong, Lieu_luong)
VALUES 
('TH00001', 'DT10001', 10, 'Uống mỗi 6 giờ một lần'),
('TH00002', 'DT10002', 15, 'Uống mỗi 8 giờ một lần'),
('TH00003', 'DT10003', 20, 'Uống mỗi 6 giờ một viên'),
('TH00004', 'DT10004', 10, 'Uống mỗi sáng trước khi ăn'),
('TH00005', 'DT10005', 5, 'Uống mỗi tối trước khi đi ngủ'),
('TH00006', 'DT10006', 12, 'Uống khi cần thiết'),
('TH00007', 'DT10007', 8, 'Uống sau mỗi bữa ăn'),
('TH00008', 'DT10008', 15, 'Uống mỗi tối sau khi ăn'),
('TH00009', 'DT10009', 10, 'Uống mỗi sáng sau bữa ăn'),
('TH00010', 'DT10010', 20, 'Uống mỗi buổi sáng'),
('TH00011', 'DT10011', 18, 'Uống mỗi buổi tối'),
('TH00012', 'DT10012', 12, 'Uống mỗi 4 giờ một viên'),
('TH00013', 'DT10013', 7, 'Uống mỗi buổi sáng'),
('TH00014', 'DT10014', 9, 'Uống mỗi buổi tối trước khi đi ngủ'),
('TH00015', 'DT10015', 15, 'Uống khi cần thiết'),
('TH00016', 'DT10016', 20, 'Uống mỗi buổi tối'),
('TH00017', 'DT10017', 10, 'Uống mỗi 6 giờ một lần'),
('TH00018', 'DT10018', 8, 'Uống khi cần thiết'),
('TH00019', 'DT10019', 12, 'Uống mỗi buổi sáng trước khi ăn'),
('TH00020', 'DT10020', 15, 'Uống mỗi buổi tối sau khi ăn'),
('TH00001', 'DT10021', 10, 'Uống mỗi 6 giờ một lần'),
('TH00002', 'DT10022', 15, 'Uống mỗi 8 giờ một lần'),
('TH00003', 'DT10023', 20, 'Uống mỗi 6 giờ một viên'),
('TH00004', 'DT10024', 10, 'Uống mỗi sáng trước khi ăn'),
('TH00005', 'DT10025', 5, 'Uống mỗi tối trước khi đi ngủ'),
('TH00006', 'DT10026', 12, 'Uống khi cần thiết'),
('TH00007', 'DT10027', 8, 'Uống sau mỗi bữa ăn'),
('TH00008', 'DT10028', 15, 'Uống mỗi tối sau khi ăn'),
('TH00009', 'DT10029', 10, 'Uống mỗi sáng sau bữa ăn'),
('TH00010', 'DT10030', 20, 'Uống mỗi buổi sáng'),
('TH00011', 'DT10031', 18, 'Uống mỗi buổi tối'),
('TH00012', 'DT10032', 12, 'Uống mỗi 4 giờ một viên'),
('TH00013', 'DT10033', 7, 'Uống mỗi buổi sáng'),
('TH00014', 'DT10034', 9, 'Uống mỗi buổi tối trước khi đi ngủ'),
('TH00015', 'DT10035', 15, 'Uống khi cần thiết'),
('TH00016', 'DT10036', 20, 'Uống mỗi buổi tối'),
('TH00017', 'DT10037', 10, 'Uống mỗi 6 giờ một lần'),
('TH00018', 'DT10038', 8, 'Uống khi cần thiết'),
('TH00019', 'DT10039', 12, 'Uống mỗi buổi sáng trước khi ăn'),
('TH00020', 'DT10040', 15, 'Uống mỗi buổi tối sau khi ăn'),
('TH00001', 'DT10041', 10, 'Uống mỗi 6 giờ một lần'),
('TH00002', 'DT10042', 15, 'Uống mỗi 8 giờ một lần'),
('TH00003', 'DT10043', 20, 'Uống mỗi 6 giờ một viên'),
('TH00004', 'DT10044', 10, 'Uống mỗi sáng trước khi ăn'),
('TH00005', 'DT10045', 5, 'Uống mỗi tối trước khi đi ngủ'),
('TH00006', 'DT10046', 12, 'Uống khi cần thiết'),
('TH00007', 'DT10047', 8, 'Uống sau mỗi bữa ăn'),
('TH00008', 'DT10048', 15, 'Uống mỗi tối sau khi ăn'),
('TH00009', 'DT10049', 10, 'Uống mỗi sáng sau bữa ăn'),
('TH00010', 'DT10050', 20, 'Uống mỗi buổi sáng'),
('TH00011', 'DT10051', 18, 'Uống mỗi buổi tối'),
('TH00012', 'DT10052', 12, 'Uống mỗi 4 giờ một viên'),
('TH00013', 'DT10053', 7, 'Uống mỗi buổi sáng'),
('TH00014', 'DT10054', 9, 'Uống mỗi buổi tối trước khi đi ngủ'),
('TH00015', 'DT10055', 15, 'Uống khi cần thiết'),
('TH00016', 'DT10056', 20, 'Uống mỗi buổi tối'),
('TH00017', 'DT10057', 10, 'Uống mỗi 6 giờ một lần'),
('TH00018', 'DT10058', 8, 'Uống khi cần thiết'),
('TH00019', 'DT10059', 12, 'Uống mỗi buổi sáng trước khi ăn'),
('TH00020', 'DT10060', 15, 'Uống mỗi buổi tối sau khi ăn');


-- TABLE dich_vu_luu_tru          
INSERT INTO dich_vu_luu_tru (Ma_so, Ngay_bat_dau, Ngay_ket_thuc, Tong_chi_phi)
VALUES 
('LT12001', '2024-03-11', '2024-05-10', 0),
('LT12002', '2024-03-15', '2024-05-17', 0),
('LT12003', '2024-03-19', '2024-05-20', 0),
('LT12004', '2024-03-23', '2024-05-24', 0),
('LT12005', '2024-03-26', '2024-05-28', 0),
('LT12006', '2024-03-29', '2024-05-30', 0),
('LT14001', '2024-04-01', '2024-05-30', 0),
('LT14002', '2024-04-03', '2024-05-02', 0),
('LT14003', '2024-04-07', '2024-05-04', 0),
('LT14004', '2024-04-10', '2024-05-06', 0),
('LT16001', '2024-04-13', '2024-05-08', 0),
('LT16002', '2024-04-19', '2024-05-10', 0),
('LT16003', '2024-04-25', '2024-05-12', 0),
('LT16004', '2024-04-25', '2024-05-14', 0),
('LT16005', '2024-04-25', '2024-05-16', 0),
('LT16006', '2024-04-25', '2024-05-18', 0),
('LT16007', '2024-04-26', '2024-05-20', 0),
('LT16008', '2024-04-27', '2024-05-22', 0),
('LT16009', '2024-04-27', '2024-05-24', 0),
('LT16010', '2024-04-27', '2024-05-10', 0),
('LT16011', '2024-04-28', '2024-05-20', 0);




-- TABLE phong_benh                              <Inserted>
INSERT INTO phong_benh (So_phong, Loai_phong, So_luong_benh_nhan_hien_tai)
VALUES 
('PB21001', 2, 0),
('PB22001', 2, 0),
('PB23001', 2, 0),
('PB41001', 4, 0),
('PB42001', 4, 0),
('PB61001', 6, 0),
('PB62001', 6, 0),
('PB63001', 6, 0);




--TABLE phong_benh_duoc_su_dung_tai_dich_vu_luu_tru
INSERT INTO phong_benh_duoc_su_dung_tai_dich_vu_luu_tru (So_phong, Ma_so_dich_vu_luu_tru)
VALUES 
('PB21001', 'LT12001'),
('PB21001', 'LT12002'),
('PB22001', 'LT12003'),
('PB22001', 'LT12004'),
('PB23001', 'LT12005'),
('PB23001', 'LT12006'),
('PB41001', 'LT14001'),
('PB41001', 'LT14002'),
('PB42001', 'LT14003'),
('PB42001', 'LT14004'),
('PB61001', 'LT16001'),
('PB61001', 'LT16002'),
('PB61001', 'LT16003'),
('PB61001', 'LT16004'),
('PB62001', 'LT16005'),
('PB62001', 'LT16006'),
('PB62001', 'LT16007'),
('PB62001', 'LT16008'),
('PB63001', 'LT16009'),
('PB63001', 'LT16010'),
('PB63001', 'LT16011');


--TABLE ngay_phong_benh_duoc_su_dung_tai_dich_vu_luu_tru
SELECT * FROM ngay_phong_benh_duoc_su_dung_tai_dich_vu_luu_tru

INSERT INTO ngay_phong_benh_duoc_su_dung_tai_dich_vu_luu_tru (So_phong, Ma_so_dich_vu_luu_tru, Ngay_su_dung)
VALUES 
('PB21001', 'LT12001', '2024-03-11'),
('PB21001', 'LT12002', '2024-03-15'),
('PB22001', 'LT12003', '2024-03-19'),
('PB22001', 'LT12004', '2024-03-23'),
('PB23001', 'LT12005', '2024-03-26'),
('PB23001', 'LT12006', '2024-03-29'),
('PB41001', 'LT14001', '2024-04-01'),
('PB41001', 'LT14002', '2024-04-03'),
('PB42001', 'LT14003', '2024-04-07'),
('PB42001', 'LT14004', '2024-04-10'),
('PB61001', 'LT16001', '2024-04-13'),
('PB61001', 'LT16002', '2024-04-19'),
('PB61001', 'LT16003', '2024-04-25'),
('PB61001', 'LT16004', '2024-04-25'),
('PB62001', 'LT16005', '2024-04-25'),
('PB62001', 'LT16006', '2024-04-25'),
('PB62001', 'LT16007', '2024-04-26'),
('PB62001', 'LT16008', '2024-04-27'),
('PB63001', 'LT16009', '2024-04-27'),
('PB63001', 'LT16010', '2024-04-27'),
('PB63001', 'LT16011', '2024-04-28');


--TABLE dieu_duong_tham_gia_dich_vu_luu_tru
INSERT INTO dieu_duong_tham_gia_dich_vu_luu_tru(Ma_so_nhan_vien, Ma_so_dich_vu_luu_tru)
VALUES 
('DD10001', 'LT12001'),
('DD10001', 'LT12002'),
('DD10002', 'LT12003'),
('DD10002', 'LT12004'),
('DD10003', 'LT12005'),
('DD10003', 'LT12006'),
('DD10004', 'LT14001'),
('DD10004', 'LT14002'),
('DD10005', 'LT14003'),
('DD10005', 'LT14004'),
('DD10006', 'LT16001'),
('DD10006', 'LT16002'),
('DD10006', 'LT16003'),
('DD10006', 'LT16004'),
('DD10007', 'LT16005'),
('DD10007', 'LT16006'),
('DD10007', 'LT16007'),
('DD10007', 'LT16008'),
('DD10008', 'LT16009'),
('DD10008', 'LT16010'),
('DD10008', 'LT16011');

-- TABLE ngay_tham_gia_cua_dieu_duong_phu_trach_dich_vu_luu_tru
SELECT * FROM ngay_tham_gia_cua_dieu_duong_phu_trach_dich_vu_luu_tru
INSERT INTO ngay_tham_gia_cua_dieu_duong_phu_trach_dich_vu_luu_tru (Ma_so_nhan_vien, Ma_so_dich_vu_luu_tru, Ngay_phu_trach)
VALUES
('DD10001', 'LT12001', '2024-03-11'),
('DD10001', 'LT12002', '2024-03-15'),
('DD10002', 'LT12003', '2024-03-19'),
('DD10002', 'LT12004', '2024-03-23'),
('DD10003', 'LT12005', '2024-03-26'),
('DD10003', 'LT12006', '2024-03-29'),
('DD10004', 'LT14001', '2024-04-01'),
('DD10004', 'LT14002', '2024-04-03'),
('DD10005', 'LT14003', '2024-04-07'),
('DD10005', 'LT14004', '2024-04-10'),
('DD10006', 'LT16001', '2024-04-13'),
('DD10006', 'LT16002', '2024-04-19'),
('DD10006', 'LT16003', '2024-04-25'),
('DD10006', 'LT16004', '2024-04-25'),
('DD10007', 'LT16005', '2024-04-25'),
('DD10007', 'LT16006', '2024-04-25'),
('DD10007', 'LT16007', '2024-04-26'),
('DD10007', 'LT16008', '2024-04-27'),
('DD10008', 'LT16009', '2024-04-27'),
('DD10008', 'LT16010', '2024-04-27'),
('DD10008', 'LT16011', '2024-04-28');



--Table lich_lam_viec
SELECT * FROM lich_lam_viec

DELETE lich_lam_viec

/*
INSERT INTO lich_lam_viec (So_hieu_ca_lam_viec, Ngay, Gio_vao, Gio_tan_ca, Ma_so_nhan_vien)
VALUES 
('CA01000001', '2024-01-01', '07:00', '07:20', 'BS10001'),
('CA01000002', '2024-01-01', '07:20', '07:40', 'BS10001'),
('CA01000003', '2024-01-01', '07:40', '08:00', 'BS10001'),
('CA01000004', '2024-01-01', '08:00', '08:20', 'BS10001'),
('CA01000005', '2024-01-01', '08:20', '08:40', 'BS10001'),
('CA01000006', '2024-01-01', '08:40', '09:00', 'BS10001'),
('CA01000007', '2024-01-01', '09:00', '09:20', 'BS10001'),
('CA01000008', '2024-01-01', '09:20', '09:40', 'BS10001'),
('CA01000009', '2024-01-01', '09:40', '10:00', 'BS10001'),
('CA01000010', '2024-01-01', '10:00', '10:20', 'BS10001'),
('CA01000011', '2024-01-01', '10:20', '10:40', 'BS10001'),
('CA01000012', '2024-01-01', '10:40', '11:00', 'BS10001'),
('CA01000013', '2024-01-01', '13:00', '13:20', 'BS10001'),
('CA01000014', '2024-01-01', '13:20', '13:40', 'BS10001'),
('CA01000015', '2024-01-01', '13:40', '14:00', 'BS10001'),
('CA01000016', '2024-01-01', '14:00', '14:20', 'BS10001'),
('CA01000017', '2024-01-01', '14:20', '14:40', 'BS10001'),
('CA01000018', '2024-01-01', '14:40', '15:00', 'BS10001'),
('CA01000019', '2024-01-01', '15:00', '15:20', 'BS10001'),
('CA01000020', '2024-01-01', '15:20', '15:40', 'BS10001'),
('CA01000021', '2024-01-01', '15:40', '16:00', 'BS10001'),
('CA01000022', '2024-01-01', '16:00', '16:20', 'BS10001'),
('CA01000023', '2024-01-01', '16:20', '16:40', 'BS10001'),
('CA01000024', '2024-01-01', '16:40', '17:00', 'BS10001'),
('CA01000025', '2024-01-02', '07:00', '07:20', 'BS10001'),
('CA01000026', '2024-01-02', '07:20', '07:40', 'BS10001'),
('CA01000027', '2024-01-02', '07:40', '08:00', 'BS10001'),
('CA01000028', '2024-01-02', '08:00', '08:20', 'BS10001'),
('CA01000029', '2024-01-02', '08:20', '08:40', 'BS10001'),
('CA01000030', '2024-01-02', '08:40', '09:00', 'BS10001'),
('CA01000031', '2024-01-02', '09:00', '09:20', 'BS10001'),
('CA01000032', '2024-01-02', '09:20', '09:40', 'BS10001'),
('CA01000033', '2024-01-02', '09:40', '10:00', 'BS10001'),
('CA01000034', '2024-01-02', '10:00', '10:20', 'BS10001'),
('CA01000035', '2024-01-02', '10:20', '10:40', 'BS10001'),
('CA01000036', '2024-01-02', '10:40', '11:00', 'BS10001'),
('CA01000037', '2024-01-02', '13:00', '13:20', 'BS10001'),
('CA01000038', '2024-01-02', '13:20', '13:40', 'BS10001'),
('CA01000039', '2024-01-02', '13:40', '14:00', 'BS10001'),
('CA01000040', '2024-01-02', '14:00', '14:20', 'BS10001'),
('CA01000041', '2024-01-02', '14:20', '14:40', 'BS10001'),
('CA01000042', '2024-01-02', '14:40', '15:00', 'BS10001'),
('CA01000043', '2024-01-02', '15:00', '15:20', 'BS10001'),
('CA01000044', '2024-01-02', '15:20', '15:40', 'BS10001'),
('CA01000045', '2024-01-02', '15:40', '16:00', 'BS10001'),
('CA01000046', '2024-01-02', '16:00', '16:20', 'BS10001'),
('CA01000047', '2024-01-02', '16:20', '16:40', 'BS10001'),
('CA01000048', '2024-01-02', '16:40', '17:00', 'BS10001');

*/


SELECT * FROM dbo.lich_lam_viec


DECLARE @Ma_so_nhan_vien CHAR(10)
set @Ma_so_nhan_vien = 'BS10016'
DECLARE @KETQUA CHAR(10)
@KETQUA = RIGHT(@Ma_so_nhan_vien,2)
PRINT @KETQUA



DELETE dbo.lich_lam_viec

DROP  PROCEDURE InsertLichLamViec 

CREATE PROCEDURE InsertLichLamViec 
    @Ma_so_nhan_vien CHAR(7)
AS
BEGIN
    DECLARE @Ngay DATE
    SET @Ngay = '2024-01-01'

    DECLARE @Counter INT
    SET @Counter = 1

    DECLARE @So_hieu_ca_lam_viec CHAR(10)
    DECLARE @Gio_vao TIME
    DECLARE @Gio_tan_ca TIME

    WHILE @Ngay <= '2024-05-10'
    BEGIN
        SET @Gio_vao = '07:00'
        WHILE CAST(@Gio_vao AS DATETIME) < '17:00'
        BEGIN
            -- Cập nhật ở đây để đảm bảo mã nhân viên được thêm vào đúng
            SET @So_hieu_ca_lam_viec = 'CA' + RIGHT(@Ma_so_nhan_vien, 2) + RIGHT('000000' + CAST(@Counter AS VARCHAR(6)), 6)

            SET @Gio_tan_ca = DATEADD(MINUTE, 20, @Gio_vao)

            INSERT INTO lich_lam_viec (So_hieu_ca_lam_viec, Ngay, Gio_vao, Gio_tan_ca, Ma_so_nhan_vien)
            VALUES (@So_hieu_ca_lam_viec, @Ngay, @Gio_vao, @Gio_tan_ca, @Ma_so_nhan_vien)

            SET @Gio_vao = @Gio_tan_ca
            IF CAST(@Gio_tan_ca AS TIME) >= '11:00' AND CAST(@Gio_tan_ca AS TIME) < '13:00'
                SET @Gio_vao = '13:00'

            SET @Counter = @Counter + 1
        END
        SET @Ngay = DATEADD(DAY, 1, @Ngay)
    END
END
GO


EXEC InsertLichLamViec @Ma_so_nhan_vien = 'BS10001'

EXEC InsertLichLamViec @Ma_so_nhan_vien = 'BS10002'

EXEC InsertLichLamViec @Ma_so_nhan_vien = 'BS10003'

EXEC InsertLichLamViec @Ma_so_nhan_vien = 'BS10004'

EXEC InsertLichLamViec @Ma_so_nhan_vien = 'BS10005'

EXEC InsertLichLamViec @Ma_so_nhan_vien = 'BS10006'

EXEC InsertLichLamViec @Ma_so_nhan_vien = 'BS10007'

EXEC InsertLichLamViec @Ma_so_nhan_vien = 'BS10008'

EXEC InsertLichLamViec @Ma_so_nhan_vien = 'BS10009'

EXEC InsertLichLamViec @Ma_so_nhan_vien = 'BS10010'

EXEC InsertLichLamViec @Ma_so_nhan_vien = 'BS10011'

EXEC InsertLichLamViec @Ma_so_nhan_vien = 'BS10012'

EXEC InsertLichLamViec @Ma_so_nhan_vien = 'BS10013'

EXEC InsertLichLamViec @Ma_so_nhan_vien = 'BS10014'

EXEC InsertLichLamViec @Ma_so_nhan_vien = 'BS10015'

EXEC InsertLichLamViec @Ma_so_nhan_vien = 'BS10016'



-- TABLE lich_hen_kham
INSERT INTO lich_hen_kham(Ma_lich_hen_kham, Ngay_dat_lich, Gio_den_kham, Ma_so_lan_di_benh_vien, Ma_benh_nhan, So_hieu_ca_lam_viec)
VALUES
('HK10001', '2024-01-01', '09:00:00','LBV10001', 'BN10001', 'CA01000007'),
('HK10002', '2024-01-01', '09:20:00','LBV10002', 'BN10002', 'CA01000008'),
('HK10003', '2024-01-01', '10:00:00','LBV10003', 'BN10003', 'CA01000010'),
('HK10004', '2024-01-01', '13:40:00','LBV10004', 'BN10004', 'CA01000015'),
('HK10005', '2024-01-01', '14:00:00','LBV10005', 'BN10005', 'CA01000016'),
('HK10006', '2024-01-01', '14:40:00','LBV10006', 'BN10006', 'CA01000018'),
('HK10007', '2024-01-01', '15:20:00','LBV10007', 'BN10007', 'CA01000020'),
('HK10008', '2024-01-01', '16:00:00','LBV10008', 'BN10008', 'CA01000022'),
('HK10009', '2024-01-02', '10:20:00','LBV10009', 'BN10009', 'CA02000035'),
('HK10010', '2024-01-02', '14:20:00','LBV10010', 'BN10010', 'CA02000041'),
('HK10011', '2024-01-03', '08:40:00','LBV10011', 'BN10011', 'CA03000054'),
('HK10012', '2024-01-04', '16:00:00','LBV10012', 'BN10012', 'CA04000094'),
('HK10013', '2024-01-05', '09:20:00','LBV10013', 'BN10013', 'CA05000104'),
('HK10014', '2024-01-06', '16:20:00','LBV10014', 'BN10014', 'CA06000143'),
('HK10015', '2024-01-07', '07:20:00','LBV10015', 'BN10015', 'CA07000146'),
('HK10016', '2024-01-08', '10:20:00','LBV10016', 'BN10016', 'CA08000179'),
('HK10017', '2024-01-09', '09:20:00','LBV10017', 'BN10017', 'CA09000200'),
('HK10018', '2024-01-10', '08:40:00','LBV10018', 'BN10018', 'CA10000222'),
('HK10019', '2024-01-11', '16:00:00','LBV10019', 'BN10019', 'CA11000262'),
('HK10020', '2024-01-14', '07:20:00','LBV10020', 'BN10020', 'CA12000314'),
('HK10021', '2024-01-17', '15:20:00','LBV10021', 'BN10021', 'CA13000404'),
('HK10022', '2024-01-20', '14:20:00','LBV10022', 'BN10022', 'CA14000473'),
('HK10023', '2024-01-22', '08:40:00','LBV10023', 'BN10023', 'CA15000510'),     --
('HK10024', '2024-01-25', '16:00:00','LBV10024', 'BN10024', 'CA16000598'),     --
('HK10025', '2024-01-26', '07:20:00','LBV10025', 'BN10025', 'CA01000602'),
('HK10026', '2024-01-28', '13:00:00','LBV10026', 'BN10026', 'CA02000661'),
('HK10027', '2024-01-31', '14:20:00','LBV10027', 'BN10027', 'CA03000737'),
('HK10028', '2024-02-02', '08:40:00','LBV10028', 'BN10028', 'CA04000747'),
('HK10029', '2024-02-06', '15:00:00','LBV10029', 'BN10029', 'CA05000883'),
('HK10030', '2024-02-09', '09:00:00','LBV10030', 'BN10030', 'CA06000943'),
('HK10031', '2024-02-13', '16:40:00','LBV10031', 'BN10031', 'CA07001056'),
('HK10032', '2024-02-16', '10:20:00','LBV10032', 'BN10032', 'CA08001115'),
('HK10033', '2024-02-19', '14:40:00','LBV10033', 'BN10033', 'CA09001194'),
('HK10034', '2024-02-24', '16:20:00','LBV10034', 'BN10034', 'CA10001319'),
('HK10035', '2024-02-28', '13:20:00','LBV10035', 'BN10035', 'CA11001406'),
('HK10036', '2024-02-29', '09:40:00','LBV10036', 'BN10036', 'CA12001425'),
('HK10037', '2024-03-02', '13:40:00', 'LDBV10037', 'BN10037', 'CA13001479'),
('HK10038', '2024-03-07', '10:20:00', 'LDBV10038', 'BN10038', 'CA14001595'),
('HK10039', '2024-03-11', '10:20:00', 'LDBV10039', 'BN10039', 'CA15001691'),
('HK10040', '2024-03-15', '16:00:00', 'LDBV10040', 'BN10040', 'CA16001798'),
('HK10041', '2024-03-19', '08:40:00', 'LDBV10041', 'BN10041', 'CA01001878'),
('HK10042', '2024-03-23', '14:20:00', 'LDBV10042', 'BN10042', 'CA02001983'),
('HK10043', '2024-03-26', '09:40:00', 'LDBV10043', 'BN10043', 'CA03002049'),
('HK10044', '2024-03-29', '13:40:00', 'LDBV10044', 'BN10044', 'CA04002127'),
('HK10045', '2024-04-01', '07:40:00', 'LDBV10045', 'BN10045', 'CA05002187'),
('HK10046', '2024-04-03', '10:20:00', 'LDBV10046', 'BN10046', 'CA06002243'),
('HK10047', '2024-04-07', '14:40:00', 'LDBV10047', 'BN10047', 'CA07002346'),
('HK10048', '2024-04-10', '14:20:00', 'LDBV10048', 'BN10048', 'CA08002417'),
('HK10049', '2024-04-13', '16:00:00', 'LDBV10049', 'BN10049', 'CA09002494'),
('HK10050', '2024-04-19', '07:40:00', 'LDBV10050', 'BN10050', 'CA10002619'),
('HK10051', '2024-04-22', '10:20:00', 'LDBV10051', 'BN10051', 'CA11002699'),
('HK10052', '2024-04-25', '14:40:00', 'LDBV10052', 'BN10052', 'CA12002778'),
('HK10053', '2024-04-25', '15:20:00', 'LDBV10053', 'BN10053', 'CA13002780'),
('HK10054', '2024-04-25', '16:00:00', 'LDBV10054', 'BN10054', 'CA14002782'),
('HK10055', '2024-04-25', '16:40:00', 'LDBV10055', 'BN10055', 'CA15002784'),
('HK10056', '2024-04-26', '10:20:00', 'LDBV10056', 'BN10056', 'CA16002795'),
('HK10057', '2024-04-27', '14:40:00', 'LDBV10057', 'BN10057', 'CA01002826'),
('HK10058', '2024-04-27', '15:20:00', 'LDBV10058', 'BN10058', 'CA02002828'),
('HK10059', '2024-04-27', '16:00:00', 'LDBV10059', 'BN10059', 'CA03002830'),
('HK10060', '2024-04-28', '07:40:00', 'LDBV10060', 'BN10060', 'CA04002835');

...






