-- Nhân viên bác sĩ
INSERT INTO nhan_vien (Ma_so_nhan_vien, CCCD, Ho, Ten, Gioi_tinh, Dia_chi, Email, Ngay_ky_hop_dong, Luong, Ngay_sinh)
VALUES ('BS10001', '123456789012', N'Nguyễn', N'Thành', N'Nam', N'Hà Nội', 'nguyenthanh@example.com', '2018-06-15', 15000000, '1980-03-25');

INSERT INTO nhan_vien (Ma_so_nhan_vien, CCCD, Ho, Ten, Gioi_tinh, Dia_chi, Email, Ngay_ky_hop_dong, Luong, Ngay_sinh)
VALUES ('BS10002', '234567890123', N'Trần', N'Trân', N'Nữ', N'Hồ Chí Minh', 'trantran@example.com', '2019-02-20', 16000000, '1985-08-10');

INSERT INTO nhan_vien (Ma_so_nhan_vien, CCCD, Ho, Ten, Gioi_tinh, Dia_chi, Email, Ngay_ky_hop_dong, Luong, Ngay_sinh)
VALUES ('BS10003', '345678901234', N'Lê', N'Thị Hồng', N'Nữ', N'Hải Phòng', 'lethihong@example.com', '2020-04-10', 17000000, '1990-12-03');

INSERT INTO nhan_vien (Ma_so_nhan_vien, CCCD, Ho, Ten, Gioi_tinh, Dia_chi, Email, Ngay_ky_hop_dong, Luong, Ngay_sinh)
VALUES ('BS10004', '456789012345', N'Phạm', N'Trung', N'Nam', N'Đà Nẵng', 'phamtrung@example.com', '2021-08-05', 18000000, '1988-05-20');

INSERT INTO nhan_vien (Ma_so_nhan_vien, CCCD, Ho, Ten, Gioi_tinh, Dia_chi, Email, Ngay_ky_hop_dong, Luong, Ngay_sinh)
VALUES ('BS10005', '567890123456', N'Huỳnh', N'Thị Ngọc', N'Nữ', N'Cần Thơ', 'huynhngoc@example.com', '2019-10-15', 16000000, '1987-02-15');

INSERT INTO nhan_vien (Ma_so_nhan_vien, CCCD, Ho, Ten, Gioi_tinh, Dia_chi, Email, Ngay_ky_hop_dong, Luong, Ngay_sinh)
VALUES ('BS10006', '678901234567', N'Võ', N'Thành Tài', N'Nam', N'An Giang', 'votai@example.com', '2018-11-20', 15500000, '1983-09-08');

INSERT INTO nhan_vien (Ma_so_nhan_vien, CCCD, Ho, Ten, Gioi_tinh, Dia_chi, Email, Ngay_ky_hop_dong, Luong, Ngay_sinh)
VALUES ('BS10007', '789012345678', N'Dương', N'Thị Lan', N'Nữ', N'Bắc Ninh', 'duonglan@example.com', '2020-07-30', 17000000, '1991-04-12');

INSERT INTO nhan_vien (Ma_so_nhan_vien, CCCD, Ho, Ten, Gioi_tinh, Dia_chi, Email, Ngay_ky_hop_dong, Luong, Ngay_sinh)
VALUES ('BS10008', '890123456789', N'Hoàng', N'Thị Hải', N'Nữ', N'Quảng Ninh', 'hoanghai@example.com', '2021-05-25', 17500000, '1993-11-28');


-- Nhân viên điều dưỡng
INSERT INTO nhan_vien (Ma_so_nhan_vien, CCCD, Ho, Ten, Gioi_tinh, Dia_chi, Email, Ngay_ky_hop_dong, Luong, Ngay_sinh)
VALUES ('DD10001', '901234567890', N'Trần', N'Thị Bích', N'Nữ', N'Hà Nam', 'tranthibich@example.com', '2017-03-12', 12000000, '1981-07-17');


INSERT INTO nhan_vien (Ma_so_nhan_vien, CCCD, Ho, Ten, Gioi_tinh, Dia_chi, Email, Ngay_ky_hop_dong, Luong, Ngay_sinh)
VALUES ('DD10002', '012345678901', N'Lý', N'Thị Minh', N'Nữ', N'Bắc Giang', 'lyminh@example.com', '2018-09-25', 12500000, '1984-10-22');

INSERT INTO nhan_vien (Ma_so_nhan_vien, CCCD, Ho, Ten, Gioi_tinh, Dia_chi, Email, Ngay_ky_hop_dong, Luong, Ngay_sinh)
VALUES ('DD10003', '123456789012', N'Hồ', N'Thị Mai', N'Nữ', N'Thái Nguyên', 'homai@example.com', '2019-11-08', 13000000, '1989-03-30');

INSERT INTO nhan_vien (Ma_so_nhan_vien, CCCD, Ho, Ten, Gioi_tinh, Dia_chi, Email, Ngay_ky_hop_dong, Luong, Ngay_sinh)
VALUES ('DD10004', '234567890123', N'Ngô', N'Thành Đạt', N'Nam', N'Hải Dương', 'ngthanhdat@example.com', '2020-06-20', 13500000, '1992-09-05');

INSERT INTO nhan_vien (Ma_so_nhan_vien, CCCD, Ho, Ten, Gioi_tinh, Dia_chi, Email, Ngay_ky_hop_dong, Luong, Ngay_sinh)
VALUES ('DD10005', '345678901234', N'Đặng', N'Thị Kim', N'Nữ', N'Thừa Thiên Huế', 'dangkim@example.com', '2021-01-10', 14000000, '1995-05-18');

INSERT INTO nhan_vien (Ma_so_nhan_vien, CCCD, Ho, Ten, Gioi_tinh, Dia_chi, Email, Ngay_ky_hop_dong, Luong, Ngay_sinh)
VALUES ('DD10006', '456789012345', N'Hoàng', N'Thị Ánh', N'Nữ', N'Bình Định', 'hoanganh@example.com', '2018-12-15', 12500000, '1986-08-08');

INSERT INTO nhan_vien (Ma_so_nhan_vien, CCCD, Ho, Ten, Gioi_tinh, Dia_chi, Email, Ngay_ky_hop_dong, Luong, Ngay_sinh)
VALUES ('DD10007', '567890123456', N'Mai', N'Thị Thảo', N'Nữ', N'Bình Phước', 'maithao@example.com', '2020-09-30', 13000000, '1990-02-14');

INSERT INTO nhan_vien (Ma_so_nhan_vien, CCCD, Ho, Ten, Gioi_tinh, Dia_chi, Email, Ngay_ky_hop_dong, Luong, Ngay_sinh)
VALUES ('DD10008', '678901234567', N'Lê', N'Thị Hạnh', N'Nữ', N'Kiên Giang', 'lehanh@example.com', '2021-07-05', 13500000, '1994-11-20');



-- Số điện thoại của nhân viên bác sĩ
INSERT INTO so_dien_thoai_nhan_vien (Ma_so_nhan_vien, So_dien_thoai)
VALUES ('BS10001', '0898502456');

INSERT INTO so_dien_thoai_nhan_vien (Ma_so_nhan_vien, So_dien_thoai)
VALUES ('BS10002', '0912345678');

INSERT INTO so_dien_thoai_nhan_vien (Ma_so_nhan_vien, So_dien_thoai)
VALUES ('BS10003', '0905123456');

INSERT INTO so_dien_thoai_nhan_vien (Ma_so_nhan_vien, So_dien_thoai)
VALUES ('BS10004', '0987654321');

INSERT INTO so_dien_thoai_nhan_vien (Ma_so_nhan_vien, So_dien_thoai)
VALUES ('BS10005', '0978123456');

INSERT INTO so_dien_thoai_nhan_vien (Ma_so_nhan_vien, So_dien_thoai)
VALUES ('BS10006', '0887654321');

INSERT INTO so_dien_thoai_nhan_vien (Ma_so_nhan_vien, So_dien_thoai)
VALUES ('BS10007', '0934123456');

INSERT INTO so_dien_thoai_nhan_vien (Ma_so_nhan_vien, So_dien_thoai)
VALUES ('BS10008', '0923654789');



-- Số điện thoại của nhân viên điều dưỡng
INSERT INTO so_dien_thoai_nhan_vien (Ma_so_nhan_vien, So_dien_thoai)
VALUES ('DD10001', '0843123456');

INSERT INTO so_dien_thoai_nhan_vien (Ma_so_nhan_vien, So_dien_thoai)
VALUES ('DD10002', '0856123456');

INSERT INTO so_dien_thoai_nhan_vien (Ma_so_nhan_vien, So_dien_thoai)
VALUES ('DD10003', '0887123456');

INSERT INTO so_dien_thoai_nhan_vien (Ma_so_nhan_vien, So_dien_thoai)
VALUES ('DD10004', '0869123456');

INSERT INTO so_dien_thoai_nhan_vien (Ma_so_nhan_vien, So_dien_thoai)
VALUES ('DD10005', '0843123456');

INSERT INTO so_dien_thoai_nhan_vien (Ma_so_nhan_vien, So_dien_thoai)
VALUES ('DD10006', '0856123456');

INSERT INTO so_dien_thoai_nhan_vien (Ma_so_nhan_vien, So_dien_thoai)
VALUES ('DD10007', '0887123456');

INSERT INTO so_dien_thoai_nhan_vien (Ma_so_nhan_vien, So_dien_thoai)
VALUES ('DD10008', '0869123456');



-------------------------------------------------------------------------------------------------------------------------
-- Bảng Bác sĩ
INSERT INTO bac_si (Ma_so_nhan_vien, Chuc_vu, Bang_cap, Chuyen_khoa, Chuc_danh, Ma_so_quan_ly)
VALUES 
('BS10001', N'Bác sĩ chuyên khoa', N'Chuyên khoa 2', N'Chấn thương chỉnh hình', N'Bác sĩ hạng 1', NULL),
('BS10002', N'Bác sĩ chuyên khoa', N'Chuyên khoa 2', N'Chấn thương chỉnh hình', N'Bác sĩ hạng 1', 'BS10001'),
('BS10003', N'Bác sĩ chuyên khoa', N'Chuyên khoa 1', N'Chấn thương chỉnh hình', N'Bác sĩ hạng 2', 'BS10001'),
('BS10004', N'Bác sĩ chuyên khoa', N'Chuyên khoa 2', N'Tim mạch', N'Bác sĩ hạng 1', NULL),
('BS10005', N'Bác sĩ chuyên khoa', N'Chuyên khoa 1', N'Tim mạch', N'Bác sĩ hạng 2', 'BS10004'),
('BS10006', N'Bác sĩ chuyên khoa', N'Chuyên khoa 1', N'Hồi sức tích cực', N'Bác sĩ hạng 1', NULL),
('BS10007', N'Bác sĩ chuyên khoa', N'Chuyên khoa 2', N'Hồi sức tích cực', N'Bác sĩ hạng 2', 'BS10006'),
('BS10008', N'Bác sĩ chuyên khoa', N'Chuyên khoa 2', N'Hồi sức tích cực', N'Bác sĩ hạng 2', 'BS10006');


-------------------------------------------------------------------------------------------------------------------------
-- Bảng Điều dưỡng 




-------------------------------------------------------------------------------------------------------------------------
-- Bệnh nhân 1
INSERT INTO benh_nhan (Ma_benh_nhan, CCCD, Ho, Ten, Dia_chi, Email, Gioi_tinh, Ngay_sinh)
VALUES ('BN10001', '123456789012', N'Nguyễn', N'Thị Hồng Thơ', N'Tiền Giang', 'nguyenthitho@example.com', N'Nữ', '1982-03-25');

-- Bệnh nhân 2
INSERT INTO benh_nhan (Ma_benh_nhan, CCCD, Ho, Ten, Dia_chi, Email, Gioi_tinh, Ngay_sinh)
VALUES ('BN10002', '234567890123', N'Võ', N'Thị Ngọc Yến', N'Bình Phước', 'vothiyen@example.com', N'Nữ', '1975-10-15');

-- Bệnh nhân 3
INSERT INTO benh_nhan (Ma_benh_nhan, CCCD, Ho, Ten, Dia_chi, Email, Gioi_tinh, Ngay_sinh)
VALUES ('BN10003', '345678901234', N'Đặng', N'Thị Trang', N'Long An', 'dangthitrang@example.com', N'Nữ', '1990-05-08');

-- Bệnh nhân 4
INSERT INTO benh_nhan (Ma_benh_nhan, CCCD, Ho, Ten, Dia_chi, Email, Gioi_tinh, Ngay_sinh)
VALUES ('BN10004', '456789012345', N'Lê', N'Thị Tuyết', N'Cần Thơ', 'lethituyet@example.com', N'Nữ', '1988-11-20');

-- Bệnh nhân 5
INSERT INTO benh_nhan (Ma_benh_nhan, CCCD, Ho, Ten, Dia_chi, Email, Gioi_tinh, Ngay_sinh)
VALUES ('BN10005', '567890123456', N'Phạm', N'Văn Đức', N'Kiên Giang', 'phamvanduc@example.com', N'Nam', '1973-09-05');

-- Bệnh nhân 6
INSERT INTO benh_nhan (Ma_benh_nhan, CCCD, Ho, Ten, Dia_chi, Email, Gioi_tinh, Ngay_sinh)
VALUES ('BN10006', '678901234567', N'Hoàng', N'Văn Tuấn', N'Vĩnh Long', 'hoangvantuan@example.com', N'Nam', '1980-03-30');

-- Bệnh nhân 7
INSERT INTO benh_nhan (Ma_benh_nhan, CCCD, Ho, Ten, Dia_chi, Email, Gioi_tinh, Ngay_sinh)
VALUES ('BN10007', '789012345678', N'Trần', N'Thị Ngọc Lan', N'Hồ Chí Minh', 'tranthingoclan@example.com', N'Nữ', '1992-05-15');

-- Bệnh nhân 8
INSERT INTO benh_nhan (Ma_benh_nhan, CCCD, Ho, Ten, Dia_chi, Email, Gioi_tinh, Ngay_sinh)
VALUES ('BN10008', '890123456789', N'Võ', N'Thị Thanh Tâm', N'Cần Thơ', 'vothithanhtam@example.com', N'Nữ', '1985-12-28');

-- Bệnh nhân 9
INSERT INTO benh_nhan (Ma_benh_nhan, CCCD, Ho, Ten, Dia_chi, Email, Gioi_tinh, Ngay_sinh)
VALUES ('BN10009', '901234567890', N'Lương', N'Văn Đức', N'Tiền Giang', 'luongvanduc@example.com', N'Nam', '1976-09-03');

-- Bệnh nhân 10
INSERT INTO benh_nhan (Ma_benh_nhan, CCCD, Ho, Ten, Dia_chi, Email, Gioi_tinh, Ngay_sinh)
VALUES ('BN10010', '012345678910', N'Phạm', N'Thị Mai', N'Hà Nội', 'phamthimai@example.com', N'Nữ', '1980-07-20');

-- Bệnh nhân 11
INSERT INTO benh_nhan (Ma_benh_nhan, CCCD, Ho, Ten, Dia_chi, Email, Gioi_tinh, Ngay_sinh)
VALUES ('BN10011', '123456789101', N'Lê', N'Văn Hùng', N'Hồ Chí Minh', 'levanhung@example.com', N'Nam', '1995-03-10');

-- Bệnh nhân 12
INSERT INTO benh_nhan (Ma_benh_nhan, CCCD, Ho, Ten, Dia_chi, Email, Gioi_tinh, Ngay_sinh)
VALUES ('BN10012', '234567891012', N'Nguyễn', N'Thị Hương', N'Cần Thơ', 'nguyenthihuong@example.com', N'Nữ', '1974-11-18');

-- Bệnh nhân 13
INSERT INTO benh_nhan (Ma_benh_nhan, CCCD, Ho, Ten, Dia_chi, Email, Gioi_tinh, Ngay_sinh)
VALUES ('BN10013', '345678910111', N'Nguyễn', N'Thị Lan', N'Hải Phòng', 'nguyenthilan@example.com', N'Nữ', '1988-09-05');

-- Bệnh nhân 14
INSERT INTO benh_nhan (Ma_benh_nhan, CCCD, Ho, Ten, Dia_chi, Email, Gioi_tinh, Ngay_sinh)
VALUES ('BN10014', '456789101112', N'Trần', N'Đức Thành', N'Quảng Ngãi', 'tranducthanh@example.com', N'Nam', '1976-02-15');

-- Bệnh nhân 15
INSERT INTO benh_nhan (Ma_benh_nhan, CCCD, Ho, Ten, Dia_chi, Email, Gioi_tinh, Ngay_sinh)
VALUES ('BN10015', '567891011121', N'Hoàng', N'Thi Thu', N'Huế', 'hoangthithu@example.com', N'Nữ', '1992-07-30');

-- Bệnh nhân 16
INSERT INTO benh_nhan (Ma_benh_nhan, CCCD, Ho, Ten, Dia_chi, Email, Gioi_tinh, Ngay_sinh)
VALUES ('BN10016', '678910111213', N'Trần', N'Thị Hà', N'Nghệ An', 'tranthiha@example.com', N'Nữ', '1985-03-20');

-- Bệnh nhân 17
INSERT INTO benh_nhan (Ma_benh_nhan, CCCD, Ho, Ten, Dia_chi, Email, Gioi_tinh, Ngay_sinh)
VALUES ('BN10017', '789101112131', N'Lê', N'Văn Đạt', N'Hải Dương', 'levandat@example.com', N'Nam', '1990-11-10');

-- Bệnh nhân 18
INSERT INTO benh_nhan (Ma_benh_nhan, CCCD, Ho, Ten, Dia_chi, Email, Gioi_tinh, Ngay_sinh)
VALUES ('BN10018', '891011121314', N'Nguyễn', N'Thị Thúy', N'Bình Thuận', 'nguyenthithuy@example.com', N'Nữ', '1972-08-07');

-- Bệnh nhân 19
INSERT INTO benh_nhan (Ma_benh_nhan, CCCD, Ho, Ten, Dia_chi, Email, Gioi_tinh, Ngay_sinh)
VALUES ('BN10019', '910111213141', N'Phạm', N'Thị Hương', N'Quảng Bình', 'phamthihuong@example.com', N'Nữ', '1978-12-03');

-- Bệnh nhân 20
INSERT INTO benh_nhan (Ma_benh_nhan, CCCD, Ho, Ten, Dia_chi, Email, Gioi_tinh, Ngay_sinh)
VALUES ('BN10020', '101112131415', N'Đỗ', N'Văn Bình', N'Đồng Nai', 'dovanbinh@example.com', N'Nam', '1982-06-17');

-- Bệnh nhân 21
INSERT INTO benh_nhan (Ma_benh_nhan, CCCD, Ho, Ten, Dia_chi, Email, Gioi_tinh, Ngay_sinh)
VALUES ('BN10021', '111213141516', N'Trần', N'Thị Mai', N'Bắc Ninh', 'tranthimai@example.com', N'Nữ', '1995-04-25');

-- Bệnh nhân 22
INSERT INTO benh_nhan (Ma_benh_nhan, CCCD, Ho, Ten, Dia_chi, Email, Gioi_tinh, Ngay_sinh)
VALUES ('BN10022', '121314151617', N'Nguyễn', N'Trọng Tâm', N'Phú Yên', 'nguyentrongtam@example.com', N'Nam', '1990-08-29');

-- Bệnh nhân 23
INSERT INTO benh_nhan (Ma_benh_nhan, CCCD, Ho, Ten, Dia_chi, Email, Gioi_tinh, Ngay_sinh)
VALUES ('BN10023', '131415161718', N'Lê', N'Thị Lan', N'Hải Dương', 'lethilan@example.com', N'Nữ', '1985-03-12');

-- Bệnh nhân 24
INSERT INTO benh_nhan (Ma_benh_nhan, CCCD, Ho, Ten, Dia_chi, Email, Gioi_tinh, Ngay_sinh)
VALUES ('BN10024', '141516171819', N'Trần', N'Văn Hòa', N'Long An', 'tranvanhoa@example.com', N'Nam', '1976-10-05');

-- Bệnh nhân 25
INSERT INTO benh_nhan (Ma_benh_nhan, CCCD, Ho, Ten, Dia_chi, Email, Gioi_tinh, Ngay_sinh)
VALUES ('BN10025', '151617181920', N'Phạm', N'Văn Bảo', N'Tiền Giang', 'phamvanbao@example.com', N'Nam', '1988-07-18');

-- Bệnh nhân 26
INSERT INTO benh_nhan (Ma_benh_nhan, CCCD, Ho, Ten, Dia_chi, Email, Gioi_tinh, Ngay_sinh)
VALUES ('BN10026', '161718192021', N'Hồ', N'Thị Ngọc', N'Vũng Tàu', 'hothinhngoc@example.com', N'Nữ', '1992-05-25');

-- Bệnh nhân 27
INSERT INTO benh_nhan (Ma_benh_nhan, CCCD, Ho, Ten, Dia_chi, Email, Gioi_tinh, Ngay_sinh)
VALUES ('BN10027', '171819202122', N'Đoàn', N'Đình Quân', N'Đà Nẵng', 'doandinhquan@example.com', N'Nam', '1983-12-09');

-- Bệnh nhân 28
INSERT INTO benh_nhan (Ma_benh_nhan, CCCD, Ho, Ten, Dia_chi, Email, Gioi_tinh, Ngay_sinh)
VALUES ('BN10028', '181920212223', N'Lý', N'Thị Hiền', N'Thừa Thiên Huế', 'lythihien@example.com', N'Nữ', '1979-09-14');

-- Bệnh nhân 29
INSERT INTO benh_nhan (Ma_benh_nhan, CCCD, Ho, Ten, Dia_chi, Email, Gioi_tinh, Ngay_sinh)
VALUES ('BN10029', '192021222324', N'Bùi', N'Văn Nam', N'Quảng Nam', 'buivannam@example.com', N'Nam', '1972-02-28');

-- Bệnh nhân 30
INSERT INTO benh_nhan (Ma_benh_nhan, CCCD, Ho, Ten, Dia_chi, Email, Gioi_tinh, Ngay_sinh)
VALUES ('BN10030', '202122232425', N'Hoàng', N'Thị Phương', N'Bình Phước', 'hoangthiphuong@example.com', N'Nữ', '1986-11-30');










-----------------------------------------------------------------
-- Thẻ BHYT cho bệnh nhân 1
INSERT INTO the_bhyt (Ma_bhyt, Noi_song, Noi_dang_ky_kham_chua_benh, Ma_ki_hieu_muc_huong, Ma_benh_nhan, Ngay_dang_ky)
VALUES ('BHYT10001', N'Tiền Giang', N'Bệnh viện đa khoa Thủ Đức', 'CK', 'BN10001', '2023-04-15');

-- Thẻ BHYT cho bệnh nhân 2
INSERT INTO the_bhyt (Ma_bhyt, Noi_song, Noi_dang_ky_kham_chua_benh, Ma_ki_hieu_muc_huong, Ma_benh_nhan, Ngay_dang_ky)
VALUES ('BHYT10002', N'Bình Phước', N'Bệnh viện đa khoa Thủ Đức', 'CB', 'BN10002', '2023-10-20');

-- Thẻ BHYT cho bệnh nhân 3
INSERT INTO the_bhyt (Ma_bhyt, Noi_song, Noi_dang_ky_kham_chua_benh, Ma_ki_hieu_muc_huong, Ma_benh_nhan, Ngay_dang_ky)
VALUES ('BHYT10003', N'Long An', N'Bệnh viện đa khoa Thủ Đức', 'HN', 'BN10003', '2022-12-05');

-- Thẻ BHYT cho bệnh nhân 4
INSERT INTO the_bhyt (Ma_bhyt, Noi_song, Noi_dang_ky_kham_chua_benh, Ma_ki_hieu_muc_huong, Ma_benh_nhan, Ngay_dang_ky)
VALUES ('BHYT10004', N'Cần Thơ', N'Bệnh viện đa khoa Thủ Đức', 'HT', 'BN10004', '2024-03-10');

-- Thẻ BHYT cho bệnh nhân 5
INSERT INTO the_bhyt (Ma_bhyt, Noi_song, Noi_dang_ky_kham_chua_benh, Ma_ki_hieu_muc_huong, Ma_benh_nhan, Ngay_dang_ky)
VALUES ('BHYT10005', N'Kiên Giang', N'Bệnh viện đa khoa Thủ Đức', 'DN', 'BN10005', '2023-08-28');

-- Thẻ BHYT cho bệnh nhân 6
INSERT INTO the_bhyt (Ma_bhyt, Noi_song, Noi_dang_ky_kham_chua_benh, Ma_ki_hieu_muc_huong, Ma_benh_nhan, Ngay_dang_ky)
VALUES ('BHYT10006', N'Vĩnh Long', N'Bệnh viện đa khoa Thủ Đức', 'DT', 'BN10006', '2024-02-05');

-- Thẻ BHYT cho bệnh nhân 7
INSERT INTO the_bhyt (Ma_bhyt, Noi_song, Noi_dang_ky_kham_chua_benh, Ma_ki_hieu_muc_huong, Ma_benh_nhan, Ngay_dang_ky)
VALUES ('BHYT10007', N'Hồ Chí Minh', N'Bệnh viện đa khoa Thủ Đức', 'KC', 'BN10007', '2023-04-21');

-- Thẻ BHYT cho bệnh nhân 8
INSERT INTO the_bhyt (Ma_bhyt, Noi_song, Noi_dang_ky_kham_chua_benh, Ma_ki_hieu_muc_huong, Ma_benh_nhan, Ngay_dang_ky)
VALUES ('BHYT10008', N'Cần Thơ', N'Bệnh viện đa khoa Thủ Đức', 'HN', 'BN10008', '2024-01-08');

-- Thẻ BHYT cho bệnh nhân 9
INSERT INTO the_bhyt (Ma_bhyt, Noi_song, Noi_dang_ky_kham_chua_benh, Ma_ki_hieu_muc_huong, Ma_benh_nhan, Ngay_dang_ky)
VALUES ('BHYT10009', N'Tiền Giang', N'Bệnh viện đa khoa Thủ Đức', 'DT', 'BN10009', '2023-11-30');

-- Thẻ BHYT cho bệnh nhân 10
INSERT INTO the_bhyt (Ma_bhyt, Noi_song, Noi_dang_ky_kham_chua_benh, Ma_ki_hieu_muc_huong, Ma_benh_nhan, Ngay_dang_ky)
VALUES ('BHYT10010', N'Hà Nội', N'Bệnh viện đa khoa Thủ Đức', 'CK', 'BN10010', '2023-08-15');

-- Thẻ BHYT cho bệnh nhân 11
INSERT INTO the_bhyt (Ma_bhyt, Noi_song, Noi_dang_ky_kham_chua_benh, Ma_ki_hieu_muc_huong, Ma_benh_nhan, Ngay_dang_ky)
VALUES ('BHYT10011', N'Hồ Chí Minh', N'Bệnh viện đa khoa Thủ Đức', 'DT', 'BN10011', '2024-05-20');

-- Thẻ BHYT cho bệnh nhân 12
INSERT INTO the_bhyt (Ma_bhyt, Noi_song, Noi_dang_ky_kham_chua_benh, Ma_ki_hieu_muc_huong, Ma_benh_nhan, Ngay_dang_ky)
VALUES ('BHYT10012', N'Cần Thơ', N'Bệnh viện đa khoa Thủ Đức', 'CB', 'BN10012', '2022-12-10');

-- Thẻ BHYT cho bệnh nhân 13
INSERT INTO the_bhyt (Ma_bhyt, Noi_song, Noi_dang_ky_kham_chua_benh, Ma_ki_hieu_muc_huong, Ma_benh_nhan, Ngay_dang_ky)
VALUES ('BHYT10013', N'Hải Phòng', N'Bệnh viện đa khoa Thủ Đức', 'KC', 'BN10013', '2023-11-25');

-- Thẻ BHYT cho bệnh nhân 14
INSERT INTO the_bhyt (Ma_bhyt, Noi_song, Noi_dang_ky_kham_chua_benh, Ma_ki_hieu_muc_huong, Ma_benh_nhan, Ngay_dang_ky)
VALUES ('BHYT10014', N'Quảng Ngãi', N'Bệnh viện đa khoa Thủ Đức', 'HN', 'BN10014', '2024-02-18');

-- Thẻ BHYT cho bệnh nhân 15
INSERT INTO the_bhyt (Ma_bhyt, Noi_song, Noi_dang_ky_kham_chua_benh, Ma_ki_hieu_muc_huong, Ma_benh_nhan, Ngay_dang_ky)
VALUES ('BHYT10015', N'Huế', N'Bệnh viện đa khoa Thủ Đức', 'DK', 'BN10015', '2023-06-10');

-- Thẻ BHYT cho bệnh nhân 16
INSERT INTO the_bhyt (Ma_bhyt, Noi_song, Noi_dang_ky_kham_chua_benh, Ma_ki_hieu_muc_huong, Ma_benh_nhan, Ngay_dang_ky)
VALUES ('BHYT10016', N'Nghệ An', N'Bệnh viện đa khoa Thủ Đức', 'HC', 'BN10016', '2023-09-15');

-- Thẻ BHYT cho bệnh nhân 17
INSERT INTO the_bhyt (Ma_bhyt, Noi_song, Noi_dang_ky_kham_chua_benh, Ma_ki_hieu_muc_huong, Ma_benh_nhan, Ngay_dang_ky)
VALUES ('BHYT10017', N'Hải Dương', N'Bệnh viện đa khoa Thủ Đức', 'CK', 'BN10017', '2024-05-28');

-- Thẻ BHYT cho bệnh nhân 18
INSERT INTO the_bhyt (Ma_bhyt, Noi_song, Noi_dang_ky_kham_chua_benh, Ma_ki_hieu_muc_huong, Ma_benh_nhan, Ngay_dang_ky)
VALUES ('BHYT10018', N'Bình Thuận', N'Bệnh viện đa khoa Thủ Đức', 'DN', 'BN10018', '2023-10-02');

-- Thẻ BHYT cho bệnh nhân 19
INSERT INTO the_bhyt (Ma_bhyt, Noi_song, Noi_dang_ky_kham_chua_benh, Ma_ki_hieu_muc_huong, Ma_benh_nhan, Ngay_dang_ky)
VALUES ('BHYT10019', N'Quảng Bình', N'Bệnh viện đa khoa Thủ Đức', 'HN', 'BN10019', '2023-11-18');

-- Thẻ BHYT cho bệnh nhân 20
INSERT INTO the_bhyt (Ma_bhyt, Noi_song, Noi_dang_ky_kham_chua_benh, Ma_ki_hieu_muc_huong, Ma_benh_nhan, Ngay_dang_ky)
VALUES ('BHYT10020', N'Đồng Nai', N'Bệnh viện đa khoa Thủ Đức', 'DT', 'BN10020', '2023-12-07');

-- Thẻ BHYT cho bệnh nhân 21
INSERT INTO the_bhyt (Ma_bhyt, Noi_song, Noi_dang_ky_kham_chua_benh, Ma_ki_hieu_muc_huong, Ma_benh_nhan, Ngay_dang_ky)
VALUES ('BHYT10021', N'Bắc Ninh', N'Bệnh viện đa khoa Thủ Đức', 'CB', 'BN10021', '2023-09-30');

-- Thẻ BHYT cho bệnh nhân 22
INSERT INTO the_bhyt (Ma_bhyt, Noi_song, Noi_dang_ky_kham_chua_benh, Ma_ki_hieu_muc_huong, Ma_benh_nhan, Ngay_dang_ky)
VALUES ('BHYT10022', N'Phú Yên', N'Bệnh viện đa khoa Thủ Đức', 'DN', 'BN10022', '2023-10-15');

-- Thẻ BHYT cho bệnh nhân 23
INSERT INTO the_bhyt (Ma_bhyt, Noi_song, Noi_dang_ky_kham_chua_benh, Ma_ki_hieu_muc_huong, Ma_benh_nhan, Ngay_dang_ky)
VALUES ('BHYT10023', N'Hải Dương', N'Bệnh viện đa khoa Thủ Đức', 'HB', 'BN10023', '2023-08-20');

-- Thẻ BHYT cho bệnh nhân 24
INSERT INTO the_bhyt (Ma_bhyt, Noi_song, Noi_dang_ky_kham_chua_benh, Ma_ki_hieu_muc_huong, Ma_benh_nhan, Ngay_dang_ky)
VALUES ('BHYT10024', N'Long An', N'Bệnh viện đa khoa Thủ Đức', 'XD', 'BN10024', '2023-11-05');

-- Thẻ BHYT cho bệnh nhân 25
INSERT INTO the_bhyt (Ma_bhyt, Noi_song, Noi_dang_ky_kham_chua_benh, Ma_ki_hieu_muc_huong, Ma_benh_nhan, Ngay_dang_ky)
VALUES ('BHYT10025', N'Tiền Giang', N'Bệnh viện đa khoa Thủ Đức', 'CT', 'BN10025', '2023-09-10');

-- Thẻ BHYT cho bệnh nhân 26
INSERT INTO the_bhyt (Ma_bhyt, Noi_song, Noi_dang_ky_kham_chua_benh, Ma_ki_hieu_muc_huong, Ma_benh_nhan, Ngay_dang_ky)
VALUES ('BHYT10026', N'Vũng Tàu', N'Bệnh viện đa khoa Thủ Đức', 'HN', 'BN10026', '2023-07-22');

-- Thẻ BHYT cho bệnh nhân 27
INSERT INTO the_bhyt (Ma_bhyt, Noi_song, Noi_dang_ky_kham_chua_benh, Ma_ki_hieu_muc_huong, Ma_benh_nhan, Ngay_dang_ky)
VALUES ('BHYT10027', N'Đà Nẵng', N'Bệnh viện đa khoa Thủ Đức', 'DN', 'BN10027', '2023-11-08');

-- Thẻ BHYT cho bệnh nhân 28
INSERT INTO the_bhyt (Ma_bhyt, Noi_song, Noi_dang_ky_kham_chua_benh, Ma_ki_hieu_muc_huong, Ma_benh_nhan, Ngay_dang_ky)
VALUES ('BHYT10028', N'Thừa Thiên Huế', N'Bệnh viện đa khoa Thủ Đức', 'DN', 'BN10028', '2023-06-15');

-- Thẻ BHYT cho bệnh nhân 29
INSERT INTO the_bhyt (Ma_bhyt, Noi_song, Noi_dang_ky_kham_chua_benh, Ma_ki_hieu_muc_huong, Ma_benh_nhan, Ngay_dang_ky)
VALUES ('BHYT10029', N'Quảng Nam', N'Bệnh viện đa khoa Thủ Đức', 'XB', 'BN10029', '2023-10-01');

-- Thẻ BHYT cho bệnh nhân 30
INSERT INTO the_bhyt (Ma_bhyt, Noi_song, Noi_dang_ky_kham_chua_benh, Ma_ki_hieu_muc_huong, Ma_benh_nhan, Ngay_dang_ky)
VALUES ('BHYT10030', N'Bình Phước', N'Bệnh viện đa khoa Thủ Đức', 'DT', 'BN10030', '2023-12-30');



--------------------------------------------------------------------------------------------------------------------------------------------
-- thong_tin_theo_doi_suc_khoe

-- Bệnh nhân 1
INSERT INTO thong_tin_theo_doi_suc_khoe (Ma_benh_nhan, Ngay, Gio, Can_nang, Chieu_cao, Huyet_ap, BMI, Phan_loai_suc_khoe)
VALUES ('BN10001', '2023-12-05', '07:30:00', 65.5, 170, '120/80', 22.7, N'Bình thường');

-- Bệnh nhân 2
INSERT INTO thong_tin_theo_doi_suc_khoe (Ma_benh_nhan, Ngay, Gio, Can_nang, Chieu_cao, Huyet_ap, BMI, Phan_loai_suc_khoe)
VALUES ('BN10002', '2024-01-10', '10:15:00', 72, 175, '130/85', 23.5, N'Bình thường');

-- Bệnh nhân 3
INSERT INTO thong_tin_theo_doi_suc_khoe (Ma_benh_nhan, Ngay, Gio, Can_nang, Chieu_cao, Huyet_ap, BMI, Phan_loai_suc_khoe)
VALUES ('BN10003', '2023-12-18', '14:30:00', 80, 180, '140/90', 24.7, N'Bình thường');

-- Bệnh nhân 4
INSERT INTO thong_tin_theo_doi_suc_khoe (Ma_benh_nhan, Ngay, Gio, Can_nang, Chieu_cao, Huyet_ap, BMI, Phan_loai_suc_khoe)
VALUES ('BN10004', '2024-02-05', '08:45:00', 68.5, 172, '125/80', 23.2, N'Bình thường');

-- Bệnh nhân 5
INSERT INTO thong_tin_theo_doi_suc_khoe (Ma_benh_nhan, Ngay, Gio, Can_nang, Chieu_cao, Huyet_ap, BMI, Phan_loai_suc_khoe)
VALUES ('BN10005', '2024-03-20', '16:00:00', 75, 178, '130/85', 23.7, N'Bình thường');

-- Bệnh nhân 6
INSERT INTO thong_tin_theo_doi_suc_khoe (Ma_benh_nhan, Ngay, Gio, Can_nang, Chieu_cao, Huyet_ap, BMI, Phan_loai_suc_khoe)
VALUES ('BN10006', '2024-04-15', '09:30:00', 70, 176, '120/80', 22.6, N'Bình thường');

-- Bệnh nhân 7
INSERT INTO thong_tin_theo_doi_suc_khoe (Ma_benh_nhan, Ngay, Gio, Can_nang, Chieu_cao, Huyet_ap, BMI, Phan_loai_suc_khoe)
VALUES ('BN10007', '2023-12-02', '13:45:00', 77, 179, '140/90', 24.0, N'Bình thường');

-- Bệnh nhân 8
INSERT INTO thong_tin_theo_doi_suc_khoe (Ma_benh_nhan, Ngay, Gio, Can_nang, Chieu_cao, Huyet_ap, BMI, Phan_loai_suc_khoe)
VALUES ('BN10008', '2024-01-08', '07:30:00', 62, 168, '110/70', 22.0, N'Bình thường');

-- Bệnh nhân 9
INSERT INTO thong_tin_theo_doi_suc_khoe (Ma_benh_nhan, Ngay, Gio, Can_nang, Chieu_cao, Huyet_ap, BMI, Phan_loai_suc_khoe)
VALUES ('BN10009', '2023-12-21', '10:15:00', 70, 173, '120/80', 23.4, N'Bình thường');

-- Bệnh nhân 10
INSERT INTO thong_tin_theo_doi_suc_khoe (Ma_benh_nhan, Ngay, Gio, Can_nang, Chieu_cao, Huyet_ap, BMI, Phan_loai_suc_khoe)
VALUES ('BN10010', '2024-02-10', '14:30:00', 85, 182, '130/85', 25.6, N'Thừa cân');

-- Bệnh nhân 11
INSERT INTO thong_tin_theo_doi_suc_khoe (Ma_benh_nhan, Ngay, Gio, Can_nang, Chieu_cao, Huyet_ap, BMI, Phan_loai_suc_khoe)
VALUES ('BN10011', '2024-03-25', '08:45:00', 60.5, 165, '120/80', 22.2, N'Bình thường');

-- Bệnh nhân 12
INSERT INTO thong_tin_theo_doi_suc_khoe (Ma_benh_nhan, Ngay, Gio, Can_nang, Chieu_cao, Huyet_ap, BMI, Phan_loai_suc_khoe)
VALUES ('BN10012', '2024-04-20', '16:00:00', 78, 177, '140/90', 24.9, N'Thừa cân');

-- Bệnh nhân 13
INSERT INTO thong_tin_theo_doi_suc_khoe (Ma_benh_nhan, Ngay, Gio, Can_nang, Chieu_cao, Huyet_ap, BMI, Phan_loai_suc_khoe)
VALUES ('BN10013', '2023-12-06', '09:30:00', 64, 171, '110/70', 21.9, N'Bình thường');

-- Bệnh nhân 14
INSERT INTO thong_tin_theo_doi_suc_khoe (Ma_benh_nhan, Ngay, Gio, Can_nang, Chieu_cao, Huyet_ap, BMI, Phan_loai_suc_khoe)
VALUES ('BN10014', '2024-01-12', '13:45:00', 73, 174, '120/80', 24.1, N'Bình thường');

-- Bệnh nhân 15
INSERT INTO thong_tin_theo_doi_suc_khoe (Ma_benh_nhan, Ngay, Gio, Can_nang, Chieu_cao, Huyet_ap, BMI, Phan_loai_suc_khoe)
VALUES ('BN10015', '2023-12-19', '07:30:00', 68.5, 169, '125/80', 24.0, N'Bình thường');

-- Bệnh nhân 16
INSERT INTO thong_tin_theo_doi_suc_khoe (Ma_benh_nhan, Ngay, Gio, Can_nang, Chieu_cao, Huyet_ap, BMI, Phan_loai_suc_khoe)
VALUES ('BN10016', '2024-02-06', '10:15:00', 72, 176, '130/85', 23.2, N'Bình thường');

-- Bệnh nhân 17
INSERT INTO thong_tin_theo_doi_suc_khoe (Ma_benh_nhan, Ngay, Gio, Can_nang, Chieu_cao, Huyet_ap, BMI, Phan_loai_suc_khoe)
VALUES ('BN10017', '2024-03-21', '14:30:00', 79, 180, '140/90', 24.4, N'Thừa cân');

-- Bệnh nhân 18
INSERT INTO thong_tin_theo_doi_suc_khoe (Ma_benh_nhan, Ngay, Gio, Can_nang, Chieu_cao, Huyet_ap, BMI, Phan_loai_suc_khoe)
VALUES ('BN10018', '2024-04-16', '08:45:00', 63, 167, '110/70', 22.6, N'Bình thường');

-- Bệnh nhân 19
INSERT INTO thong_tin_theo_doi_suc_khoe (Ma_benh_nhan, Ngay, Gio, Can_nang, Chieu_cao, Huyet_ap, BMI, Phan_loai_suc_khoe)
VALUES ('BN10019', '2023-12-03', '16:00:00', 70.5, 172, '120/80', 23.8, N'Bình thường');

-- Bệnh nhân 20
INSERT INTO thong_tin_theo_doi_suc_khoe (Ma_benh_nhan, Ngay, Gio, Can_nang, Chieu_cao, Huyet_ap, BMI, Phan_loai_suc_khoe)
VALUES ('BN10020', '2024-01-09', '07:30:00', 75, 177, '130/85', 24.0, N'Thừa cân');

-- Bệnh nhân 21
INSERT INTO thong_tin_theo_doi_suc_khoe (Ma_benh_nhan, Ngay, Gio, Can_nang, Chieu_cao, Huyet_ap, BMI, Phan_loai_suc_khoe)
VALUES ('BN10021', '2023-12-22', '10:15:00', 67.5, 170, '140/90', 23.3, N'Bình thường');

-- Bệnh nhân 22
INSERT INTO thong_tin_theo_doi_suc_khoe (Ma_benh_nhan, Ngay, Gio, Can_nang, Chieu_cao, Huyet_ap, BMI, Phan_loai_suc_khoe)
VALUES ('BN10022', '2024-02-11', '14:30:00', 82, 179, '120/80', 25.6, N'Thừa cân');

-- Bệnh nhân 23
INSERT INTO thong_tin_theo_doi_suc_khoe (Ma_benh_nhan, Ngay, Gio, Can_nang, Chieu_cao, Huyet_ap, BMI, Phan_loai_suc_khoe)
VALUES ('BN10023', '2024-03-26', '08:45:00', 71, 175, '125/80', 23.2, N'Bình thường');

-- Bệnh nhân 24
INSERT INTO thong_tin_theo_doi_suc_khoe (Ma_benh_nhan, Ngay, Gio, Can_nang, Chieu_cao, Huyet_ap, BMI, Phan_loai_suc_khoe)
VALUES ('BN10024', '2024-04-21', '16:00:00', 76, 178, '130/85', 24.0, N'Thừa cân');

-- Bệnh nhân 25
INSERT INTO thong_tin_theo_doi_suc_khoe (Ma_benh_nhan, Ngay, Gio, Can_nang, Chieu_cao, Huyet_ap, BMI, Phan_loai_suc_khoe)
VALUES ('BN10025', '2023-12-07', '07:30:00', 73, 173, '120/80', 24.4, N'Thừa cân');

-- Bệnh nhân 26
INSERT INTO thong_tin_theo_doi_suc_khoe (Ma_benh_nhan, Ngay, Gio, Can_nang, Chieu_cao, Huyet_ap, BMI, Phan_loai_suc_khoe)
VALUES ('BN10026', '2024-01-13', '10:15:00', 65, 168, '110/70', 23.0, N'Thiếu cân');

-- Bệnh nhân 27
INSERT INTO thong_tin_theo_doi_suc_khoe (Ma_benh_nhan, Ngay, Gio, Can_nang, Chieu_cao, Huyet_ap, BMI, Phan_loai_suc_khoe)
VALUES ('BN10027', '2023-12-24', '14:30:00', 80.5, 181, '130/85', 24.5, N'Thừa cân');

-- Bệnh nhân 28
INSERT INTO thong_tin_theo_doi_suc_khoe (Ma_benh_nhan, Ngay, Gio, Can_nang, Chieu_cao, Huyet_ap, BMI, Phan_loai_suc_khoe)
VALUES ('BN10028', '2024-02-12', '08:45:00', 70, 176, '120/80', 22.6, N'Bình thường');

-- Bệnh nhân 29
INSERT INTO thong_tin_theo_doi_suc_khoe (Ma_benh_nhan, Ngay, Gio, Can_nang, Chieu_cao, Huyet_ap, BMI, Phan_loai_suc_khoe)
VALUES ('BN10029', '2024-03-27', '16:00:00', 77.5, 180, '140/90', 23.9, N'Thừa cân');

-- Bệnh nhân 30
INSERT INTO thong_tin_theo_doi_suc_khoe (Ma_benh_nhan, Ngay, Gio, Can_nang, Chieu_cao, Huyet_ap, BMI, Phan_loai_suc_khoe)
VALUES ('BN10030', '2024-04-22', '07:30:00', 72, 175, '125/80', 23.5, N'Bình thường');




--------------------------------------------------------------------------------------------------------------------------------------------
--  so_dien_thoai_benh_nhan

-- Bệnh nhân 1
INSERT INTO so_dien_thoai_benh_nhan (Ma_benh_nhan, So_dien_thoai)
VALUES ('BN10001', '0123456789');

-- Bệnh nhân 2
INSERT INTO so_dien_thoai_benh_nhan (Ma_benh_nhan, So_dien_thoai)
VALUES ('BN10002', '0987654321');

-- Bệnh nhân 3
INSERT INTO so_dien_thoai_benh_nhan (Ma_benh_nhan, So_dien_thoai)
VALUES ('BN10003', '0369852147');

-- Bệnh nhân 4
INSERT INTO so_dien_thoai_benh_nhan (Ma_benh_nhan, So_dien_thoai)
VALUES ('BN10004', '0912345678');

-- Bệnh nhân 5
INSERT INTO so_dien_thoai_benh_nhan (Ma_benh_nhan, So_dien_thoai)
VALUES ('BN10005', '0845678912');

-- Bệnh nhân 6
INSERT INTO so_dien_thoai_benh_nhan (Ma_benh_nhan, So_dien_thoai)
VALUES ('BN10006', '0321569874');

-- Bệnh nhân 7
INSERT INTO so_dien_thoai_benh_nhan (Ma_benh_nhan, So_dien_thoai)
VALUES ('BN10007', '0765432198');

-- Bệnh nhân 8
INSERT INTO so_dien_thoai_benh_nhan (Ma_benh_nhan, So_dien_thoai)
VALUES ('BN10008', '0998765432');

-- Bệnh nhân 9
INSERT INTO so_dien_thoai_benh_nhan (Ma_benh_nhan, So_dien_thoai)
VALUES ('BN10009', '0975318642');

-- Bệnh nhân 10
INSERT INTO so_dien_thoai_benh_nhan (Ma_benh_nhan, So_dien_thoai)
VALUES ('BN10010', '0887654321');

-- Bệnh nhân 11
INSERT INTO so_dien_thoai_benh_nhan (Ma_benh_nhan, So_dien_thoai)
VALUES ('BN10011', '0987123456');

-- Bệnh nhân 12
INSERT INTO so_dien_thoai_benh_nhan (Ma_benh_nhan, So_dien_thoai)
VALUES ('BN10012', '0956781234');

-- Bệnh nhân 13
INSERT INTO so_dien_thoai_benh_nhan (Ma_benh_nhan, So_dien_thoai)
VALUES ('BN10013', '0965437891');

-- Bệnh nhân 14
INSERT INTO so_dien_thoai_benh_nhan (Ma_benh_nhan, So_dien_thoai)
VALUES ('BN10014', '0934567812');

-- Bệnh nhân 15
INSERT INTO so_dien_thoai_benh_nhan (Ma_benh_nhan, So_dien_thoai)
VALUES ('BN10015', '0945678123');

-- Bệnh nhân 16
INSERT INTO so_dien_thoai_benh_nhan (Ma_benh_nhan, So_dien_thoai)
VALUES ('BN10016', '0971234567');

-- Bệnh nhân 17
INSERT INTO so_dien_thoai_benh_nhan (Ma_benh_nhan, So_dien_thoai)
VALUES ('BN10017', '0982345671');

-- Bệnh nhân 18
INSERT INTO so_dien_thoai_benh_nhan (Ma_benh_nhan, So_dien_thoai)
VALUES ('BN10018', '0913456789');

-- Bệnh nhân 19
INSERT INTO so_dien_thoai_benh_nhan (Ma_benh_nhan, So_dien_thoai)
VALUES ('BN10019', '0906781234');

-- Bệnh nhân 20
INSERT INTO so_dien_thoai_benh_nhan (Ma_benh_nhan, So_dien_thoai)
VALUES ('BN10020', '0945612378');

-- Bệnh nhân 21
INSERT INTO so_dien_thoai_benh_nhan (Ma_benh_nhan, So_dien_thoai)
VALUES ('BN10021', '0987654321');

-- Bệnh nhân 22
INSERT INTO so_dien_thoai_benh_nhan (Ma_benh_nhan, So_dien_thoai)
VALUES ('BN10022', '0965432187');

-- Bệnh nhân 23
INSERT INTO so_dien_thoai_benh_nhan (Ma_benh_nhan, So_dien_thoai)
VALUES ('BN10023', '0971234568');

-- Bệnh nhân 24
INSERT INTO so_dien_thoai_benh_nhan (Ma_benh_nhan, So_dien_thoai)
VALUES ('BN10024', '0983456712');

-- Bệnh nhân 25
INSERT INTO so_dien_thoai_benh_nhan (Ma_benh_nhan, So_dien_thoai)
VALUES ('BN10025', '0945678912');

-- Bệnh nhân 26
INSERT INTO so_dien_thoai_benh_nhan (Ma_benh_nhan, So_dien_thoai)
VALUES ('BN10026', '0984561237');

-- Bệnh nhân 27
INSERT INTO so_dien_thoai_benh_nhan (Ma_benh_nhan, So_dien_thoai)
VALUES ('BN10027', '0967891234');

-- Bệnh nhân 28
INSERT INTO so_dien_thoai_benh_nhan (Ma_benh_nhan, So_dien_thoai)
VALUES ('BN10028', '0934567812');

-- Bệnh nhân 29
INSERT INTO so_dien_thoai_benh_nhan (Ma_benh_nhan, So_dien_thoai)
VALUES ('BN10029', '0945612378');

-- Bệnh nhân 30
INSERT INTO so_dien_thoai_benh_nhan (Ma_benh_nhan, So_dien_thoai)
VALUES ('BN10030', '0987654321');


--------------------------------------------------------------------------------------------------------------------------------------------
-- thong_tin_than_nhan
-- Bệnh nhân 1
INSERT INTO than_nhan (Ma_benh_nhan, Ten, Dia_chi)
VALUES ('BN10001', N'Nguyễn Thị Cẩm Xuyến', N'Hồ Chí Minh');

-- Bệnh nhân 2
INSERT INTO than_nhan (Ma_benh_nhan, Ten, Dia_chi)
VALUES ('BN10002', N'Trần Văn Bảo', N'Đà Nẵng');

-- Bệnh nhân 3
INSERT INTO than_nhan (Ma_benh_nhan, Ten, Dia_chi)
VALUES ('BN10003', N'Lê Thị Hương', N'Vĩnh Long');

-- Bệnh nhân 4
INSERT INTO than_nhan (Ma_benh_nhan, Ten, Dia_chi)
VALUES ('BN10004', N'Phạm Văn Minh', N'Cần Thơ');

-- Bệnh nhân 5
INSERT INTO than_nhan (Ma_benh_nhan, Ten, Dia_chi)
VALUES ('BN10005', N'Trần Thị Mai', N'Bình Dương');

-- Bệnh nhân 6
INSERT INTO than_nhan (Ma_benh_nhan, Ten, Dia_chi)
VALUES ('BN10006', N'Nguyễn Văn Đức', N'Hồ Chí Minh');

-- Bệnh nhân 7
INSERT INTO than_nhan (Ma_benh_nhan, Ten, Dia_chi)
VALUES ('BN10007', N'Lê Thị Kim Anh', N'Quảng Nam');

-- Bệnh nhân 8
INSERT INTO than_nhan (Ma_benh_nhan, Ten, Dia_chi)
VALUES ('BN10008', N'Phạm Văn Khánh', N'Quảng Ngãi');

-- Bệnh nhân 9
INSERT INTO than_nhan (Ma_benh_nhan, Ten, Dia_chi)
VALUES ('BN10009', N'Nguyễn Thị Diệu Hằng', N'Nha Trang');

-- Bệnh nhân 10
INSERT INTO than_nhan (Ma_benh_nhan, Ten, Dia_chi)
VALUES ('BN10010', N'Trần Văn Tuấn', N'Bình Định');

-- Bệnh nhân 11
INSERT INTO than_nhan (Ma_benh_nhan, Ten, Dia_chi)
VALUES ('BN10011', N'Lê Thị Thanh Tâm', N'Hồ Chí Minh');

-- Bệnh nhân 12
INSERT INTO than_nhan (Ma_benh_nhan, Ten, Dia_chi)
VALUES ('BN10012', N'Phạm Văn Đạt', N'Vũng Tàu');

-- Bệnh nhân 13
INSERT INTO than_nhan (Ma_benh_nhan, Ten, Dia_chi)
VALUES ('BN10013', N'Trần Thị Thúy Hằng', N'Đồng Nai');

-- Bệnh nhân 14
INSERT INTO than_nhan (Ma_benh_nhan, Ten, Dia_chi)
VALUES ('BN10014', N'Nguyễn Văn Bình', N'Long An');

-- Bệnh nhân 15
INSERT INTO than_nhan (Ma_benh_nhan, Ten, Dia_chi)
VALUES ('BN10015', N'Lê Thị Hoa', N'Bến Tre');

-- Bệnh nhân 16
INSERT INTO than_nhan (Ma_benh_nhan, Ten, Dia_chi)
VALUES ('BN10016', N'Phạm Văn Lợi', N'Tiền Giang');

-- Bệnh nhân 17
INSERT INTO than_nhan (Ma_benh_nhan, Ten, Dia_chi)
VALUES ('BN10017', N'Trần Thị Lan', N'Hồ Chí Minh');

-- Bệnh nhân 18
INSERT INTO than_nhan (Ma_benh_nhan, Ten, Dia_chi)
VALUES ('BN10018', N'Nguyễn Văn Trí', N'Đồng Tháp');

-- Bệnh nhân 19
INSERT INTO than_nhan (Ma_benh_nhan, Ten, Dia_chi)
VALUES ('BN10019', N'Lê Thị Thúy', N'Cà Mau');

-- Bệnh nhân 20
INSERT INTO than_nhan (Ma_benh_nhan, Ten, Dia_chi)
VALUES ('BN10020', N'Phạm Văn Hoàng', N'Bạc Liêu');

-- Bệnh nhân 21
INSERT INTO than_nhan (Ma_benh_nhan, Ten, Dia_chi)
VALUES ('BN10021', N'Trần Thị Lan', N'Hồ Chí Minh');

-- Bệnh nhân 22
INSERT INTO than_nhan (Ma_benh_nhan, Ten, Dia_chi)
VALUES ('BN10022', N'Nguyễn Văn Tài', N'Quảng Bình');

-- Bệnh nhân 23
INSERT INTO than_nhan (Ma_benh_nhan, Ten, Dia_chi)
VALUES ('BN10023', N'Lê Thị Phương', N'Quảng Nam');

-- Bệnh nhân 24
INSERT INTO than_nhan (Ma_benh_nhan, Ten, Dia_chi)
VALUES ('BN10024', N'Phạm Văn Hùng', N'Đà Nẵng');

-- Bệnh nhân 25
INSERT INTO than_nhan (Ma_benh_nhan, Ten, Dia_chi)
VALUES ('BN10025', N'Trần Thị Thảo', N'Huế');

-- Bệnh nhân 26
INSERT INTO than_nhan (Ma_benh_nhan, Ten, Dia_chi)
VALUES ('BN10026', N'Nguyễn Văn Hòa', N'Quảng Trị');

-- Bệnh nhân 27
INSERT INTO than_nhan (Ma_benh_nhan, Ten, Dia_chi)
VALUES ('BN10027', N'Lê Thị Hằng', N'Quảng Bình');

-- Bệnh nhân 28
INSERT INTO than_nhan (Ma_benh_nhan, Ten, Dia_chi)
VALUES ('BN10028', N'Phạm Văn Đông', N'Quảng Ngãi');

-- Bệnh nhân 29
INSERT INTO than_nhan (Ma_benh_nhan, Ten, Dia_chi)
VALUES ('BN10029', N'Trần Thị Ngọc', N'Nha Trang');

-- Bệnh nhân 30
INSERT INTO than_nhan (Ma_benh_nhan, Ten, Dia_chi)
VALUES ('BN10030', N'Nguyễn Văn Khánh', N'Bình Định');


SELECT * FROM than_nhan


--------------------------------------------------------------------------------------------------------------------------------------------
-- lien_lac_cua_than_nhan
SELECT * FROM lien_lac_cua_than_nhan

INSERT INTO lien_lac_cua_than_nhan (Ma_benh_nhan, Ten, So_dien_thoai, Email)
VALUES 
('BN10001', N'Nguyễn Thị Cẩm Xuyến', '0123456789', 'xuyen123@example.com'),
('BN10002', N'Trần Văn Bảo', '0987654321', 'bao456@example.com'),
('BN10003', N'Lê Thị Hương', '0369852147', 'huong789@example.com'),
('BN10004', N'Phạm Văn Minh', '0124789653', 'minh987@example.com'),
('BN10005', N'Trần Thị Mai', '0975842316', 'mai1234@example.com'),
('BN10006', N'Nguyễn Văn Đức', '0987654326', 'vanduc@example.com'),
('BN10007', N'Lê Thị Kim Anh', '0987654327', 'kiman@example.com'),
('BN10008', N'Phạm Văn Khánh', '0987654328', 'khanh@example.com'),
('BN10009', N'Nguyễn Thị Diệu Hằng', '0987654329', 'dieuhang@example.com'),
('BN10010', N'Trần Văn Tuấn', '0987654330', 'vantuan@example.com'),
('BN10011', N'Lê Thị Thanh Tâm', '0987654331', 'thanhtam@example.com'),
('BN10012', N'Phạm Văn Đạt', '0987654332', 'dat@example.com'),
('BN10013', N'Trần Thị Thúy Hằng', '0987654333', 'thuyhang@example.com'),
('BN10014', N'Nguyễn Văn Bình', '0987654334', 'vanbinh@example.com'),
('BN10015', N'Lê Thị Hoa', '0987654335', 'lehoa@example.com'),
('BN10016', N'Phạm Văn Lợi', '0987654336', 'vanloi@example.com'),
('BN10017', N'Trần Thị Lan', '0987654337', 'lan@example.com'),
('BN10018', N'Nguyễn Văn Trí', '0987654338', 'vantri@example.com'),
('BN10019', N'Lê Thị Thúy', '0987654339', 'thuy@example.com'),
('BN10020', N'Phạm Văn Hoàng', '0987654340', 'hoang@example.com'),
('BN10021', N'Trần Thị Lan', '0987654341', 'lan@example.com'),
('BN10022', N'Nguyễn Văn Tài', '0987654342', 'tai@example.com'),
('BN10023', N'Lê Thị Phương', '0987654343', 'phuong@example.com'),
('BN10024', N'Phạm Văn Hùng', '0987654344', 'hung@example.com'),
('BN10025', N'Trần Thị Thảo', '0987654345', 'thao@example.com'),
('BN10026', N'Nguyễn Văn Hòa', '0987654346', 'hoa@example.com'),
('BN10027', N'Lê Thị Hằng', '0987654347', 'hang@example.com'),
('BN10028', N'Phạm Văn Đông', '0987654348', 'dong@example.com'),
('BN10029', N'Trần Thị Ngọc', '0987654349', 'ngoc@example.com'),
('BN10030', N'Nguyễn Văn Khánh', '0987654350', 'khanh@example.com');


-------------------------------------------------------------------------------------------------------------------------
-- loai_dich_vu
-- Dịch vụ khám bệnh
INSERT INTO loai_dich_vu (Ma_loai_dich_vu, Ten_dich_vu, Mo_ta, Bang_gia)
VALUES ('KB', N'Khám bệnh', N'Kiểm tra tình trạng sức khỏe và chẩn đoán bệnh', 200000);

-- Dịch vụ xét nghiệm
INSERT INTO loai_dich_vu (Ma_loai_dich_vu, Ten_dich_vu, Mo_ta, Bang_gia)
VALUES ('XN', N'Xét Nghiệm', N'Tiến hành các xét nghiệm để phát hiện bệnh', 300000);

-- Dịch vụ nội soi
INSERT INTO loai_dich_vu (Ma_loai_dich_vu, Ten_dich_vu, Mo_ta, Bang_gia)
VALUES ('NS', N'Nội Soi', N'Tiến hành kiểm tra bên trong cơ thể bằng nội soi', 500000);

-- Dịch vụ chụp CT/Xquang
INSERT INTO loai_dich_vu (Ma_loai_dich_vu, Ten_dich_vu, Mo_ta, Bang_gia)
VALUES ('CT', N'Chụp CT/x-quang', N'Tiến hành chụp CT hoặc X-quang để chẩn đoán bệnh', 400000);

-- Dịch vụ siêu âm
INSERT INTO loai_dich_vu (Ma_loai_dich_vu, Ten_dich_vu, Mo_ta, Bang_gia)
VALUES ('SA', N'Siêu âm', N'Tiến hành siêu âm để xem bên trong cơ thể', 350000);

-- Dịch vụ lưu trú
INSERT INTO loai_dich_vu (Ma_loai_dich_vu, Ten_dich_vu, Mo_ta, Bang_gia)
VALUES ('LT', N'Lưu Trú', N'Cung cấp dịch vụ lưu trú cho bệnh nhân', 150000);


-------------------------------------------------------------------------------------------------------------------------
-- lan_di_benh_vien

INSERT INTO lan_di_benh_vien (Ma_so_lan_di_benh_vien, Gio, Ngay, Tong_chi_phi, Ma_benh_nhan)
VALUES 
('LDBV10001', '09:00', '20231201', 0, 'BN10001'),
('LDBV10002', '10:00', '20231202', 0, 'BN10002'),
('LDBV10003', '08:00', '20231203', 0, 'BN10003'),
('LDBV10004', '14:00', '20231204', 0, 'BN10004'),
('LDBV10005', '15:00', '20231205', 0, 'BN10005'),
('LDBV10006', '09:00', '20231206', 0, 'BN10006'),
('LDBV10007', '10:00', '20231207', 0, 'BN10007'),
('LDBV10008', '08:00', '20231208', 0, 'BN10008'),
('LDBV10009', '14:00', '20231209', 0, 'BN10009'),
('LDBV10010', '15:00', '20231210', 0, 'BN10010'),
('LDBV10011', '09:00', '20231211', 0, 'BN10011'),
('LDBV10012', '10:00', '20231212', 0, 'BN10012'),
('LDBV10013', '08:00', '20231213', 0, 'BN10013'),
('LDBV10014', '14:00', '20231214', 0, 'BN10014'),
('LDBV10015', '15:00', '20231215', 0, 'BN10015'),
('LDBV10016', '09:00', '20231216', 0, 'BN10016'),
('LDBV10017', '10:00', '20231217', 0, 'BN10017'),
('LDBV10018', '08:00', '20231218', 0, 'BN10018'),
('LDBV10019', '14:00', '20231219', 0, 'BN10019'),
('LDBV10020', '15:00', '20231220', 0, 'BN10020'),
('LDBV10021', '09:00', '20231221', 0, 'BN10021'),
('LDBV10022', '10:00', '20231222', 0, 'BN10022'),
('LDBV10023', '08:00', '20231223', 0, 'BN10023'),
('LDBV10024', '14:00', '20231224', 0, 'BN10024'),
('LDBV10025', '15:00', '20231225', 0, 'BN10025'),
('LDBV10026', '09:00', '20231226', 0, 'BN10026'),
('LDBV10027', '10:00', '20231227', 0, 'BN10027'),
('LDBV10028', '08:00', '20231228', 0, 'BN10028'),
('LDBV10029', '14:00', '20231229', 0, 'BN10029'),
('LDBV10030', '15:00', '20231230', 0, 'BN10030');

SELECT * FROM dbo.lan_di_benh_vien

SELECT * FROM nhan_vien
---------------------------------------------------------------------------------------------------------------------------------------
--Lan su dung dich vu

SELECT * FROM dbo.lan_su_dung_dich_vu

DELETE FROM dbo.lan_su_dung_dich_vu

-- Dịch vụ khám bệnh cho tất cả các mã số lần đi bệnh viện
INSERT INTO lan_su_dung_dich_vu (Ma_so, Ma_so_lan_di_benh_vien, Ma_loai_dich_vu, Ma_so_nhan_vien)
VALUES ('KB10001', 'LDBV10001', 'KB', 'BS10001'),
       ('KB10002', 'LDBV10002', 'KB', 'BS10001'),
       ('KB10003', 'LDBV10003', 'KB', 'BS10001'),
       ('KB10004', 'LDBV10004', 'KB', 'BS10001'),
       ('KB10005', 'LDBV10005', 'KB', 'BS10001'),
       ('KB10006', 'LDBV10006', 'KB', 'BS10001'),
       ('KB10007', 'LDBV10007', 'KB', 'BS10001'),
       ('KB10008', 'LDBV10008', 'KB', 'BS10001'),
       ('KB10009', 'LDBV10009', 'KB', 'BS10001'),
       ('KB10010', 'LDBV10010', 'KB', 'BS10001'),
       ('KB10011', 'LDBV10011', 'KB', 'BS10001'),
       ('KB10012', 'LDBV10012', 'KB', 'BS10001'),
       ('KB10013', 'LDBV10013', 'KB', 'BS10001'),
       ('KB10014', 'LDBV10014', 'KB', 'BS10001'),
       ('KB10015', 'LDBV10015', 'KB', 'BS10001'),
       ('KB10016', 'LDBV10016', 'KB', 'BS10001'),
       ('KB10017', 'LDBV10017', 'KB', 'BS10001'),
       ('KB10018', 'LDBV10018', 'KB', 'BS10001'),
       ('KB10019', 'LDBV10019', 'KB', 'BS10001'),
       ('KB10020', 'LDBV10020', 'KB', 'BS10001'),
       ('KB10021', 'LDBV10021', 'KB', 'BS10001'),
       ('KB10022', 'LDBV10022', 'KB', 'BS10001'),
       ('KB10023', 'LDBV10023', 'KB', 'BS10001'),
       ('KB10024', 'LDBV10024', 'KB', 'BS10001'),
       ('KB10025', 'LDBV10025', 'KB', 'BS10001'),
       ('KB10026', 'LDBV10026', 'KB', 'BS10001'),
       ('KB10027', 'LDBV10027', 'KB', 'BS10001'),
       ('KB10028', 'LDBV10028', 'KB', 'BS10001'),
       ('KB10029', 'LDBV10029', 'KB', 'BS10001'),
       ('KB10030', 'LDBV10030', 'KB', 'BS10001');

-- Dịch vụ khám bệnh cho tất cả các mã số lần đi bệnh viện


-- Dịch vụ nội soi cho các mã số lần đi bệnh viện cụ thể
INSERT INTO lan_su_dung_dich_vu (Ma_so, Ma_so_lan_di_benh_vien, Ma_loai_dich_vu, Ma_so_nhan_vien)
VALUES ('NS10001', 'LDBV10012', 'NS', 'BS10004'),
       ('NS10002', 'LDBV10006', 'NS', 'BS10004'),
       ('NS10003', 'LDBV10018', 'NS', 'BS10004'),
       ('NS10004', 'LDBV10024', 'NS', 'BS10004'),
       ('NS10005', 'LDBV10030', 'NS', 'BS10004'),
       ('NS10006', 'LDBV10001', 'NS', 'BS10004');


INSERT INTO lan_su_dung_dich_vu (Ma_so, Ma_so_lan_di_benh_vien, Ma_loai_dich_vu, Ma_so_nhan_vien)
VALUES ('CT10001', 'LDBV10001', 'CT', 'BS10007'),
       ('CT10002', 'LDBV10007', 'CT', 'BS10007'),
       ('CT10003', 'LDBV10013', 'CT', 'BS10007'),
       ('CT10004', 'LDBV10019', 'CT', 'BS10007'),
       ('CT10005', 'LDBV10025', 'CT', 'BS10007'),
       ('CT10006', 'LDBV10029', 'CT', 'BS10007'),
       ('CT10007', 'LDBV10030', 'CT', 'BS10007');


INSERT INTO lan_su_dung_dich_vu (Ma_so, Ma_so_lan_di_benh_vien, Ma_loai_dich_vu, Ma_so_nhan_vien)
VALUES ('SA10001', 'LDBV10002', 'SA', 'BS10008'),
       ('SA10002', 'LDBV10003', 'SA', 'BS10008'),
       ('SA10003', 'LDBV10004', 'SA', 'BS10008');


-- Dịch vụ xét nghiệm cho các mã số lần đi bệnh viện cụ thể
INSERT INTO lan_su_dung_dich_vu (Ma_so, Ma_so_lan_di_benh_vien, Ma_loai_dich_vu, Ma_so_nhan_vien)
VALUES ('XN10001', 'LDBV10001', 'XN', 'BS10005'),
       ('XN10002', 'LDBV10002', 'XN', 'BS10005'),
       ('XN10003', 'LDBV10003', 'XN', 'BS10005'),
       ('XN10004', 'LDBV10004', 'XN', 'BS10005'),
       ('XN10005', 'LDBV10005', 'XN', 'BS10005'),
       ('XN10006', 'LDBV10006', 'XN', 'BS10005'),
       ('XN10007', 'LDBV10007', 'XN', 'BS10005'),
       ('XN10008', 'LDBV10008', 'XN', 'BS10005'),
       ('XN10009', 'LDBV10009', 'XN', 'BS10005'),
       ('XN10010', 'LDBV10010', 'XN', 'BS10005'),
       ('XN10011', 'LDBV10011', 'XN', 'BS10005'),
       ('XN10012', 'LDBV10012', 'XN', 'BS10005'),
       ('XN10013', 'LDBV10013', 'XN', 'BS10005'),
       ('XN10014', 'LDBV10014', 'XN', 'BS10005'),
       ('XN10015', 'LDBV10015', 'XN', 'BS10005');

--  DV lưu trú                            00000000000000000000000000000000000000000000000000000000000000000000000000000000
INSERT INTO lan_su_dung_dich_vu (Ma_so, Ma_so_lan_di_benh_vien, Ma_loai_dich_vu, Ma_so_nhan_vien)
VALUES ('LT10201', 'LDBV10001', 'LT', 'DD10001'),
	   ('LT10202', 'LDBV10002', 'LT', 'DD10001'),
	   ('LT10203', 'LDBV10003', 'LT', 'DD10002'),
	   ('LT10401', 'LDBV10004', 'LT', 'DD10003'),
	   ('LT10402', 'LDBV10005', 'LT', 'DD10004'),
	   ('LT10403', 'LDBV10006', 'LT', 'DD10004'),
	   ('LT10404', 'LDBV10007', 'LT', 'DD10004'),
	   ('LT10601', 'LDBV10008', 'LT', 'DD10005'),
	   ('LT10602', 'LDBV10009', 'LT', 'DD10006'),
	   ('LT10603', 'LDBV10010', 'LT', 'DD10006');


SELECT * FROM dich_vu_luu_tru
--------------------------------------------------------------------------------------------------------------------------------------------------------
-- Bảng DV Nội Soi
INSERT INTO dich_vu_noi_soi (Ma_so, Co_quan, Phuong_phap, Chi_phi)
VALUES 
('NS10001', N'Bệnh viện đa khoa Thủ Đức', N'Nội soi trực tràng', 300000),
('NS10002', N'Bệnh viện đa khoa Thủ Đức', N'Nội soi dạ dày', 350000),
('NS10003', N'Bệnh viện đa khoa Thủ Đức', N'Nội soi phế quản', 400000),
('NS10004', N'Bệnh viện đa khoa Thủ Đức', N'Nội soi khớp', 450000),
('NS10005', N'Bệnh viện đa khoa Thủ Đức', N'Nội soi bàng quang', 500000),
('NS10006', N'Bệnh viện đa khoa Thủ Đức', N'Nội soi lồng ngực', 550000);


--------------------------------------------------------------------------------------------------------------------------------------------------------
-- Bảng DV Xét nghiệm
INSERT INTO dich_vu_xet_nghiem (Ma_so, Ket_qua_xet_nghiem, Loai_xet_nghiem, Loai_mau, Chi_phi)
VALUES 
('XN10001', 'Bình thường', 'Xét nghiệm huyết học', 'Huyết thanh', 500000),
('XN10002', 'Dương tính', 'Xét nghiệm nước tiểu', 'Nước tiểu', 700000),
('XN10003', 'Âm tính', 'Xét nghiệm máu cơ bản', 'Huyết thanh', 600000),
('XN10004', 'Bình thường', 'Xét nghiệm huyết thanh', 'Huyết thanh', 550000),
('XN10005', 'Bình thường', 'Xét nghiệm nước tiểu', 'Nước tiểu', 650000),
('XN10006', 'Có dấu hiệu viêm', 'Xét nghiệm nước tiểu', 'Nước tiểu', 700000),
('XN10007', 'Bình thường', 'Xét nghiệm huyết cơ bản', 'Huyết thanh', 600000);






--------------------------------------------------------------------------------------------------------------------------------------------------------
-- Bảng DV Chụp CT
INSERT INTO dich_vu_chup_ct_xquang (Ma_so, Vi_tri_chup, Kieu_x_quang, Chi_phi)
VALUES 
('CT10001', N'Ngực', N'CT cắt lớp', 800000),
('CT10002', N'Bụng', N'CT cắt lớp', 900000),
('CT10003', N'Sọ não', N'CT cắt lớp', 1000000),
('CT10004', N'Chân', N'CT cắt lớp', 850000),
('CT10005', N'Vùng bụng dưới', N'CT cắt lớp', 950000),
('CT10006', N'Cột sống', N'CT cắt lớp', 1100000),
('CT10007', N'Ngực', N'CT cắt lớp', 800000);





SELECT * FROM dich_vu_chup_ct_xquang

--------------------------------------------------------------------------------------------------------------------------------------------------------
-- Bảng DV Siêu Âm
INSERT INTO dich_vu_sieu_am (Ma_so, Loai_dau_do, Ket_luan, Chi_phi)
VALUES 
('SA10001', N'Đầu dò bụng', N'Bình thường', 500000),
('SA10002', N'Đầu dò tiểu đường', N'Không có biến chứng', 600000),
('SA10003', N'Đầu dò gan', N'Gan bình thường', 550000);



SELECT * FROM dich_vu_sieu_am




--------------------------------------------------------------------------------------------------------------------------------------------------------
-- Bảng hinh_thuc_hien_thi_ket_qua_sieu_am
INSERT INTO hinh_thuc_hien_thi_ket_qua_sieu_am (Ma_so, Hinh_thuc_hien_thi_ket_qua)
VALUES 
('SA10001', N'Siêu âm màu'),
('SA10002', N'Siêu âm 4D'),
('SA10003', N'Siêu âm Doppler màu');










--------------------------------------------------------------------------------------------------------------------------------------------------------
-- Bảng DV Khám Bệnh 
INSERT INTO dich_vu_kham_benh (Ma_so, Ket_qua, Chi_phi, Ngay_hen_tiep_theo, Gio_hen_tiep_theo)
VALUES 
('KB10001', N'Bình thường', 200000, '2023-12-01', '07:00:00'),
('KB10002', N'Tăng huyết áp', 250000, '2023-12-02', '07:20:00'),
('KB10003', N'Đau dạ dày', 180000, '2023-12-03', '07:40:00'),
('KB10004', N'Viêm họng', 150000, '2023-12-04', '08:00:00'),
('KB10005', N'Đau lưng', 220000, '2023-12-05', '08:20:00'),
('KB10006', N'Thấp huyết áp', 240000, '2023-12-06', '08:40:00'),
('KB10007', N'Nhiễm trùng', 260000, '2023-12-07', '09:00:00'),
('KB10008', N'Đau đầu', 190000, '2023-12-08', '09:20:00'),
('KB10009', N'Béo phì', 270000, '2023-12-09', '09:40:00'),
('KB10010', N'Rối loạn tiêu hóa', 230000, '2023-12-10', '10:00:00'),
('KB10011', N'Viêm khớp', 210000, '2023-12-11', '10:20:00'),
('KB10012', N'Tiểu đường', 280000, '2023-12-12', '10:40:00'),
('KB10013', N'Loạn nhịp tim', 200000, '2023-12-13', '11:00:00'),
('KB10014', N'Suy giảm trí tuệ', 300000, '2023-12-14', '13:00:00'),
('KB10015', N'Viêm gan', 250000, '2023-12-15', '13:20:00'),
('KB10016', N'Đau cơ', 180000, '2023-12-16', '13:40:00'),
('KB10017', N'Viêm phổi', 220000, '2023-12-17', '14:00:00'),
('KB10018', N'Bệnh sỏi thận', 260000, '2023-12-18', '14:20:00'),
('KB10019', N'Đau khớp', 210000, '2023-12-19', '14:40:00'),
('KB10020', N'Viêm ruột', 190000, '2023-12-20', '15:00:00'),
('KB10021', N'Rối loạn tiền đình', 280000, '2023-12-21', '15:20:00'),
('KB10022', N'Ung thư', 350000, '2023-12-22', '15:40:00'),
('KB10023', N'Bệnh Parkinson', 320000, '2023-12-23', '16:00:00'),
('KB10024', N'Bệnh Alzheimer', 300000, '2023-12-24', '16:20:00'),
('KB10025', N'Bệnh tiểu đường', 280000, '2023-12-25', '16:40:00'),
('KB10026', N'Bệnh trầm cảm', 260000, '2023-12-26', '07:00:00'),
('KB10027', N'Suy giảm thính lực', 240000, '2023-12-27', '07:20:00'),
('KB10028', N'Bệnh tim mạch', 300000, '2023-12-28', '07:40:00'),
('KB10029', N'Đau dạ dày', 180000, '2023-12-29', '08:00:00'),
('KB10030', N'Thấp huyết áp', 240000, '2023-12-30', '08:20:00');










--------------------------------------------------------------------------------------------------------------------------------------------------------
-- Bảng don_thuoc
INSERT INTO don_thuoc (Ma_don_thuoc, Tong_tien_thuoc, Ma_so)
VALUES 
('DT00001', 0, 'KB10001'),
('DT00002', 0, 'KB10002'),
('DT00003', 0, 'KB10003'),
('DT00004', 0, 'KB10004'),
('DT00005', 0, 'KB10005'),
('DT00006', 0, 'KB10006'),
('DT00007', 0, 'KB10007'),
('DT00008', 0, 'KB10008'),
('DT00009', 0, 'KB10009'),
('DT00010', 0, 'KB10010'),
('DT00011', 0, 'KB10011'),
('DT00012', 0, 'KB10012'),
('DT00013', 0, 'KB10013'),
('DT00014', 0, 'KB10014'),
('DT00015', 0, 'KB10015'),
('DT00016', 0, 'KB10016'),
('DT00017', 0, 'KB10017'),
('DT00018', 0, 'KB10018'),
('DT00019', 0, 'KB10019'),
('DT00020', 0, 'KB10020'),
('DT00021', 0, 'KB10021'),
('DT00022', 0, 'KB10022'),
('DT00023', 0, 'KB10023'),
('DT00024', 0, 'KB10024'),
('DT00025', 0, 'KB10025'),
('DT00026', 0, 'KB10026'),
('DT00027', 0, 'KB10027'),
('DT00028', 0, 'KB10028'),
('DT00029', 0, 'KB10029'),
('DT00030', 0, 'KB10030');


--------------------------------------------------------------------------------------------------------------------------------------------------------
-- Bảng thuoc
INSERT INTO thuoc (Ma_thuoc, Ten, Gia_ban, HDSD)
VALUES 
('TH00001', 'Paracetamol', 15000, 'Dùng để hạ sốt và giảm đau'),
('TH00002', 'Amoxicillin', 30000, 'Kháng sinh dùng để điều trị nhiễm trùng'),
('TH00003', 'Ibuprofen', 20000, 'Thuốc giảm đau và chống viêm'),
('TH00004', 'Omeprazole', 25000, 'Thuốc ức chế bom proton dùng để điều trị viêm loét dạ dày'),
('TH00005', 'Cetirizine', 35000, 'Thuốc chống dị ứng và giảm triệu chứng dị ứng'),
('TH00006', 'Loperamide', 18000, 'Thuốc chống tiêu chảy'),
('TH00007', 'Simethicone', 22000, 'Thuốc giảm đầy hơi và khí đầy trong dạ dày'),
('TH00008', 'Ranitidine', 28000, 'Thuốc ức chế H2 dùng để giảm tiết axit dạ dày'),
('TH00009', 'Dexamethasone', 40000, 'Thuốc corticosteroid chống viêm và ức chế miễn dịch'),
('TH00010', 'Mebendazole', 32000, 'Thuốc chống sán lá'),
('TH00011', 'Metronidazole', 27000, 'Kháng sinh dùng để điều trị nhiễm khuẩn'),
('TH00012', 'Aspirin', 23000, 'Thuốc giảm đau, hạ sốt và ngăn ngừa đột quỵ'),
('TH00013', 'Diazepam', 38000, 'Thuốc an thần dùng trong điều trị lo âu và căng thẳng'),
('TH00014', 'Cefixime', 35000, 'Kháng sinh cephalosporin dùng để điều trị nhiễm trùng'),
('TH00015', 'Cephalexin', 30000, 'Kháng sinh cephalosporin dùng để điều trị nhiễm trùng'),
('TH00016', 'Loratadine', 25000, 'Thuốc chống dị ứng'),
('TH00017', 'Clarithromycin', 32000, 'Kháng sinh macrolide dùng để điều trị nhiễm trùng'),
('TH00018', 'Prednisone', 27000, 'Thuốc corticosteroid dùng để giảm viêm và ức chế miễn dịch'),
('TH00019', 'Ciprofloxacin', 35000, 'Kháng sinh fluorokinolôn dùng để điều trị nhiễm trùng'),
('TH00020', 'Ampicillin', 28000, 'Kháng sinh penicillin dùng để điều trị nhiễm trùng');




--------------------------------------------------------------------------------------------------------------------------------------------------------
-- Bảng don_thuoc_gom_thuoc
INSERT INTO don_thuoc_gom_thuoc (Ma_thuoc, Ma_don_thuoc, So_luong, Lieu_luong)
VALUES 
('TH00001', 'DT00001', 1, N'Uống 1 viên mỗi lần, 3 lần một ngày'),
('TH00002', 'DT00001', 2, N'Uống 1 viên mỗi lần, 3 lần một ngày'),
('TH00003', 'DT00001', 1, N'Uống 1 viên mỗi lần, 3 lần một ngày'),
('TH00004', 'DT00002', 1, N'Uống 1 viên mỗi lần, trước khi ăn'),
('TH00005', 'DT00002', 2, N'Uống 1 viên mỗi lần, trước khi ăn'),
('TH00006', 'DT00003', 1, N'Uống 2 viên mỗi lần, 3 lần một ngày'),
('TH00007', 'DT00004', 1, N'Uống 1 viên mỗi lần, sau mỗi bữa ăn'),
('TH00008', 'DT00005', 1, N'Uống 1 viên mỗi lần, trước khi đi ngủ'),
('TH00009', 'DT00005', 1, N'Uống 1 viên mỗi lần, trước khi đi ngủ'),
('TH00010', 'DT00006', 1, N'Uống 2 viên mỗi lần, trước khi ăn'),
('TH00011', 'DT00006', 1, N'Uống 2 viên mỗi lần, trước khi ăn'),
('TH00012', 'DT00007', 1, N'Uống 1 viên mỗi lần, trước khi ăn'),
('TH00013', 'DT00007', 1, N'Uống 1 viên mỗi lần, sau mỗi bữa ăn'),
('TH00014', 'DT00008', 1, N'Uống 1 viên mỗi lần, trước khi đi ngủ'),
('TH00015', 'DT00009', 1, N'Uống 1 viên mỗi lần, trước khi đi ngủ'),
('TH00016', 'DT00009', 1, N'Uống 1 viên mỗi lần, sau mỗi bữa ăn'),
('TH00017', 'DT00010', 1, N'Uống 1 viên mỗi lần, trước khi ăn'),
('TH00018', 'DT00011', 1, 'Uống 1 viên mỗi lần, trước khi ăn'),
('TH00019', 'DT00011', 1, N'Uống 1 viên mỗi lần, sau mỗi bữa ăn'),
('TH00020', 'DT00012', 1, N'Uống 1 viên mỗi lần, trước khi ăn');





--------------------------------------------------------------------------------------------------------------------------------------------------------
-- Bảng dich_vu_luu_tru
INSERT INTO dich_vu_luu_tru (Ma_so, Ngay_bat_dau, Ngay_ket_thuc, Tong_chi_phi, Tien_nghi)
VALUES 
('LT10201', '20231215', '20231230', 0, 'Phòng 2 người - Quạt'),
('LT10202', '20231220', '20240105', 0, 'Phòng 2 người - Quạt'),
('LT10203', '20240101', '20240115', 0, 'Phòng 2 người - Điều hòa'),
('LT10401', '20240105', '20240120', 0, 'Phòng 4 người - Quạt'),
('LT10402', '20240110', '20240125', 0, 'Phòng 4 người - Điều hòa'),
('LT10403', '20240115', '20240130', 0, 'Phòng 4 người - Điều hòa'),
('LT10404', '20240120', '20240205', 0, 'Phòng 4 người - Điều hòa'),
('LT10601', '20240125', '20240210', 0, 'Phòng 6 người - Quạt'),
('LT10602', '20240201', '20240215', 0, 'Phòng 6 người - Điều hòa'),
('LT10603', '20240205', '20240220', 0, 'Phòng 6 người - Điều hòa');






--------------------------------------------------------------------------------------------------------------------------------------------------------
-- Bảng phong_benh
INSERT INTO phong_benh (So_phong, Loai_phong, So_luong_benh_nhan_hien_tai)
VALUES 
('PB20101', 2, 0),
('PB20201', 2, 0),
('PB40101', 4, 0),
('PB40201', 4, 0),
('PB60101', 6, 0),
('PB60201', 6, 0);









--------------------------------------------------------------------------------------------------------------------------------------------------------
-- Bảng phong_benh_duoc_su_dung_tai_dich_vu_luu_tru
INSERT INTO phong_benh_duoc_su_dung_tai_dich_vu_luu_tru (So_phong, Ma_so_dich_vu_luu_tru)
VALUES 
('PB20101', 'LT10201'),
('PB20101', 'LT10202'),
('PB20201', 'LT10203'),
('PB40101', 'LT10401'),
('PB40201', 'LT10402'),
('PB40201', 'LT10403'),
('PB40201', 'LT10404'),
('PB60101', 'LT10601'),
('PB60201', 'LT10602'),
('PB60201', 'LT10603');


SELECT * FROM phong_benh_duoc_su_dung_tai_dich_vu_luu_tru






--------------------------------------------------------------------------------------------------------------------------------------------------------
-- Bảng dieu_duong_tham_gia_dich_vu_luu_tru
INSERT INTO dieu_duong_tham_gia_dich_vu_luu_tru (Ma_so_nhan_vien, Ma_so_dich_vu_luu_tru)
VALUES 
('DD10001', 'LT10201'),
('DD10001', 'LT10202'),
('DD10002', 'LT10203'),
('DD10003', 'LT10401'),
('DD10004', 'LT10402'),
('DD10004', 'LT10403'),
('DD10004', 'LT10404'),
('DD10005', 'LT10601'),
('DD10006', 'LT10602'),
('DD10006', 'LT10603');

SELECT * from DBO.dieu_duong




--------------------------------------------------------------------------------------------------------------------------------------------------------
-- Bảng ngay_tham_gia_cua_dieu_duong_phu_trach_dich_vu_luu_tru






--------------------------------------------------------------------------------------------------------------------------------------------------------
-- Bảng  lich_lam_viec




--------------------------------------------------------------------------------------------------------------------------------------------------------
-- Bảng  lich_hen_kham

